group	fill	colour	x	y	clickSelects
773	#FFFFFF	#D3D3D3	-44.95	10.5	12
773	#FFFFFF	#D3D3D3	-44.5	10.95	12
773	#FFFFFF	#D3D3D3	-44.05	10.5	12
773	#FFFFFF	#D3D3D3	-44.5	10.05	12
773	#FFFFFF	#D3D3D3	-44.95	10.5	12
763	#FFFFFF	#D3D3D3	-44.45	11	12
763	#FFFFFF	#D3D3D3	-44	11.45	12
763	#FFFFFF	#D3D3D3	-43.55	11	12
763	#FFFFFF	#D3D3D3	-44	10.55	12
763	#FFFFFF	#D3D3D3	-44.45	11	12
752	#FFFFFF	#D3D3D3	-43.95	11.5	12
752	#FFFFFF	#D3D3D3	-43.5	11.95	12
752	#FFFFFF	#D3D3D3	-43.05	11.5	12
752	#FFFFFF	#D3D3D3	-43.5	11.05	12
752	#FFFFFF	#D3D3D3	-43.95	11.5	12
741	#FFFFFF	#D3D3D3	-43.45	12	12
741	#FFFFFF	#D3D3D3	-43	12.45	12
741	#FFFFFF	#D3D3D3	-42.55	12	12
741	#FFFFFF	#D3D3D3	-43	11.55	12
741	#FFFFFF	#D3D3D3	-43.45	12	12
728	#FFFFFF	#D3D3D3	-42.95	12.5	12
728	#FFFFFF	#D3D3D3	-42.5	12.95	12
728	#FFFFFF	#D3D3D3	-42.05	12.5	12
728	#FFFFFF	#D3D3D3	-42.5	12.05	12
728	#FFFFFF	#D3D3D3	-42.95	12.5	12
716	#FFFFFF	#D3D3D3	-42.45	13	12
716	#FFFFFF	#D3D3D3	-42	13.45	12
716	#FFFFFF	#D3D3D3	-41.55	13	12
716	#FFFFFF	#D3D3D3	-42	12.55	12
716	#FFFFFF	#D3D3D3	-42.45	13	12
703	#FFFFFF	#D3D3D3	-41.95	13.5	12
703	#FFFFFF	#D3D3D3	-41.5	13.95	12
703	#FFFFFF	#D3D3D3	-41.05	13.5	12
703	#FFFFFF	#D3D3D3	-41.5	13.05	12
703	#FFFFFF	#D3D3D3	-41.95	13.5	12
690	#FFFFFF	#D3D3D3	-41.45	14	12
690	#FFFFFF	#D3D3D3	-41	14.45	12
690	#FFFFFF	#D3D3D3	-40.55	14	12
690	#FFFFFF	#D3D3D3	-41	13.55	12
690	#FFFFFF	#D3D3D3	-41.45	14	12
676	#FFFFFF	#D3D3D3	-40.95	14.5	12
676	#FFFFFF	#D3D3D3	-40.5	14.95	12
676	#FFFFFF	#D3D3D3	-40.05	14.5	12
676	#FFFFFF	#D3D3D3	-40.5	14.05	12
676	#FFFFFF	#D3D3D3	-40.95	14.5	12
662	#FFFFFF	#D3D3D3	-40.45	15	12
662	#FFFFFF	#D3D3D3	-40	15.45	12
662	#FFFFFF	#D3D3D3	-39.55	15	12
662	#FFFFFF	#D3D3D3	-40	14.55	12
662	#FFFFFF	#D3D3D3	-40.45	15	12
644	#FFFFFF	#D3D3D3	-39.95	15.5	12
644	#FFFFFF	#D3D3D3	-39.5	15.95	12
644	#FFFFFF	#D3D3D3	-39.05	15.5	12
644	#FFFFFF	#D3D3D3	-39.5	15.05	12
644	#FFFFFF	#D3D3D3	-39.95	15.5	12
628	#FFFFFF	#D3D3D3	-39.45	16	12
628	#FFFFFF	#D3D3D3	-39	16.45	12
628	#FFFFFF	#D3D3D3	-38.55	16	12
628	#FFFFFF	#D3D3D3	-39	15.55	12
628	#FFFFFF	#D3D3D3	-39.45	16	12
612	#FFFFFF	#D3D3D3	-38.95	16.5	12
612	#FFFFFF	#D3D3D3	-38.5	16.95	12
612	#FFFFFF	#D3D3D3	-38.05	16.5	12
612	#FFFFFF	#D3D3D3	-38.5	16.05	12
612	#FFFFFF	#D3D3D3	-38.95	16.5	12
596	#FFFFFF	#D3D3D3	-38.45	17	12
596	#FFFFFF	#D3D3D3	-38	17.45	12
596	#FFFFFF	#D3D3D3	-37.55	17	12
596	#FFFFFF	#D3D3D3	-38	16.55	12
596	#FFFFFF	#D3D3D3	-38.45	17	12
579	#FFFFFF	#D3D3D3	-37.95	17.5	12
579	#FFFFFF	#D3D3D3	-37.5	17.95	12
579	#FFFFFF	#D3D3D3	-37.05	17.5	12
579	#FFFFFF	#D3D3D3	-37.5	17.05	12
579	#FFFFFF	#D3D3D3	-37.95	17.5	12
562	#FFFFFF	#D3D3D3	-37.45	18	12
562	#FFFFFF	#D3D3D3	-37	18.45	12
562	#FFFFFF	#D3D3D3	-36.55	18	12
562	#FFFFFF	#D3D3D3	-37	17.55	12
562	#FFFFFF	#D3D3D3	-37.45	18	12
544	#FFFFFF	#D3D3D3	-36.95	18.5	12
544	#FFFFFF	#D3D3D3	-36.5	18.95	12
544	#FFFFFF	#D3D3D3	-36.05	18.5	12
544	#FFFFFF	#D3D3D3	-36.5	18.05	12
544	#FFFFFF	#D3D3D3	-36.95	18.5	12
526	#FFFFFF	#D3D3D3	-36.45	19	25
526	#FFFFFF	#D3D3D3	-36	19.45	25
526	#FFFFFF	#D3D3D3	-35.55	19	25
526	#FFFFFF	#D3D3D3	-36	18.55	25
526	#FFFFFF	#D3D3D3	-36.45	19	25
507	#FFFFFF	#D3D3D3	-35.95	19.5	25
507	#FFFFFF	#D3D3D3	-35.5	19.95	25
507	#FFFFFF	#D3D3D3	-35.05	19.5	25
507	#FFFFFF	#D3D3D3	-35.5	19.05	25
507	#FFFFFF	#D3D3D3	-35.95	19.5	25
489	#FFFFFF	#D3D3D3	-35.45	20	28
489	#FFFFFF	#D3D3D3	-35	20.45	28
489	#FFFFFF	#D3D3D3	-34.55	20	28
489	#FFFFFF	#D3D3D3	-35	19.55	28
489	#FFFFFF	#D3D3D3	-35.45	20	28
469	#FFFFFF	#D3D3D3	-34.95	20.5	28
469	#FFFFFF	#D3D3D3	-34.5	20.95	28
469	#FFFFFF	#D3D3D3	-34.05	20.5	28
469	#FFFFFF	#D3D3D3	-34.5	20.05	28
469	#FFFFFF	#D3D3D3	-34.95	20.5	28
780	#FFFFFF	#D3D3D3	-44.95	9.5	14
780	#FFFFFF	#D3D3D3	-44.5	9.95	14
780	#FFFFFF	#D3D3D3	-44.05	9.5	14
780	#FFFFFF	#D3D3D3	-44.5	9.05	14
780	#FFFFFF	#D3D3D3	-44.95	9.5	14
762	#FFFFFF	#D3D3D3	-44.45	10	14
762	#FFFFFF	#D3D3D3	-44	10.45	14
762	#FFFFFF	#D3D3D3	-43.55	10	14
762	#FFFFFF	#D3D3D3	-44	9.55	14
762	#FFFFFF	#D3D3D3	-44.45	10	14
751	#FFFFFF	#D3D3D3	-43.95	10.5	14
751	#FFFFFF	#D3D3D3	-43.5	10.95	14
751	#FFFFFF	#D3D3D3	-43.05	10.5	14
751	#FFFFFF	#D3D3D3	-43.5	10.05	14
751	#FFFFFF	#D3D3D3	-43.95	10.5	14
740	#FFFFFF	#D3D3D3	-43.45	11	14
740	#FFFFFF	#D3D3D3	-43	11.45	14
740	#FFFFFF	#D3D3D3	-42.55	11	14
740	#FFFFFF	#D3D3D3	-43	10.55	14
740	#FFFFFF	#D3D3D3	-43.45	11	14
727	#FFFFFF	#D3D3D3	-42.95	11.5	14
727	#FFFFFF	#D3D3D3	-42.5	11.95	14
727	#FFFFFF	#D3D3D3	-42.05	11.5	14
727	#FFFFFF	#D3D3D3	-42.5	11.05	14
727	#FFFFFF	#D3D3D3	-42.95	11.5	14
715	#FFFFFF	#D3D3D3	-42.45	12	14
715	#FFFFFF	#D3D3D3	-42	12.45	14
715	#FFFFFF	#D3D3D3	-41.55	12	14
715	#FFFFFF	#D3D3D3	-42	11.55	14
715	#FFFFFF	#D3D3D3	-42.45	12	14
702	#FFFFFF	#D3D3D3	-41.95	12.5	12
702	#FFFFFF	#D3D3D3	-41.5	12.95	12
702	#FFFFFF	#D3D3D3	-41.05	12.5	12
702	#FFFFFF	#D3D3D3	-41.5	12.05	12
702	#FFFFFF	#D3D3D3	-41.95	12.5	12
689	#FFFFFF	#D3D3D3	-41.45	13	12
689	#FFFFFF	#D3D3D3	-41	13.45	12
689	#FFFFFF	#D3D3D3	-40.55	13	12
689	#FFFFFF	#D3D3D3	-41	12.55	12
689	#FFFFFF	#D3D3D3	-41.45	13	12
675	#FFFFFF	#D3D3D3	-40.95	13.5	12
675	#FFFFFF	#D3D3D3	-40.5	13.95	12
675	#FFFFFF	#D3D3D3	-40.05	13.5	12
675	#FFFFFF	#D3D3D3	-40.5	13.05	12
675	#FFFFFF	#D3D3D3	-40.95	13.5	12
661	#FFFFFF	#D3D3D3	-40.45	14	12
661	#FFFFFF	#D3D3D3	-40	14.45	12
661	#FFFFFF	#D3D3D3	-39.55	14	12
661	#FFFFFF	#D3D3D3	-40	13.55	12
661	#FFFFFF	#D3D3D3	-40.45	14	12
643	#FFFFFF	#D3D3D3	-39.95	14.5	12
643	#FFFFFF	#D3D3D3	-39.5	14.95	12
643	#FFFFFF	#D3D3D3	-39.05	14.5	12
643	#FFFFFF	#D3D3D3	-39.5	14.05	12
643	#FFFFFF	#D3D3D3	-39.95	14.5	12
627	#FFFFFF	#D3D3D3	-39.45	15	12
627	#FFFFFF	#D3D3D3	-39	15.45	12
627	#FFFFFF	#D3D3D3	-38.55	15	12
627	#FFFFFF	#D3D3D3	-39	14.55	12
627	#FFFFFF	#D3D3D3	-39.45	15	12
611	#FFFFFF	#D3D3D3	-38.95	15.5	12
611	#FFFFFF	#D3D3D3	-38.5	15.95	12
611	#FFFFFF	#D3D3D3	-38.05	15.5	12
611	#FFFFFF	#D3D3D3	-38.5	15.05	12
611	#FFFFFF	#D3D3D3	-38.95	15.5	12
595	#FFFFFF	#D3D3D3	-38.45	16	12
595	#FFFFFF	#D3D3D3	-38	16.45	12
595	#FFFFFF	#D3D3D3	-37.55	16	12
595	#FFFFFF	#D3D3D3	-38	15.55	12
595	#FFFFFF	#D3D3D3	-38.45	16	12
578	#FFFFFF	#D3D3D3	-37.95	16.5	12
578	#FFFFFF	#D3D3D3	-37.5	16.95	12
578	#FFFFFF	#D3D3D3	-37.05	16.5	12
578	#FFFFFF	#D3D3D3	-37.5	16.05	12
578	#FFFFFF	#D3D3D3	-37.95	16.5	12
561	#FFFFFF	#D3D3D3	-37.45	17	12
561	#FFFFFF	#D3D3D3	-37	17.45	12
561	#FFFFFF	#D3D3D3	-36.55	17	12
561	#FFFFFF	#D3D3D3	-37	16.55	12
561	#FFFFFF	#D3D3D3	-37.45	17	12
543	#FFFFFF	#D3D3D3	-36.95	17.5	12
543	#FFFFFF	#D3D3D3	-36.5	17.95	12
543	#FFFFFF	#D3D3D3	-36.05	17.5	12
543	#FFFFFF	#D3D3D3	-36.5	17.05	12
543	#FFFFFF	#D3D3D3	-36.95	17.5	12
525	#FFFFFF	#D3D3D3	-36.45	18	25
525	#FFFFFF	#D3D3D3	-36	18.45	25
525	#FFFFFF	#D3D3D3	-35.55	18	25
525	#FFFFFF	#D3D3D3	-36	17.55	25
525	#FFFFFF	#D3D3D3	-36.45	18	25
506	#FFFFFF	#D3D3D3	-35.95	18.5	25
506	#FFFFFF	#D3D3D3	-35.5	18.95	25
506	#FFFFFF	#D3D3D3	-35.05	18.5	25
506	#FFFFFF	#D3D3D3	-35.5	18.05	25
506	#FFFFFF	#D3D3D3	-35.95	18.5	25
487	#FFFFFF	#D3D3D3	-35.45	19	28
487	#FFFFFF	#D3D3D3	-35	19.45	28
487	#FFFFFF	#D3D3D3	-34.55	19	28
487	#FFFFFF	#D3D3D3	-35	18.55	28
487	#FFFFFF	#D3D3D3	-35.45	19	28
467	#FFFFFF	#D3D3D3	-34.95	19.5	28
467	#FFFFFF	#D3D3D3	-34.5	19.95	28
467	#FFFFFF	#D3D3D3	-34.05	19.5	28
467	#FFFFFF	#D3D3D3	-34.5	19.05	28
467	#FFFFFF	#D3D3D3	-34.95	19.5	28
449	#FFFFFF	#D3D3D3	-34.45	20	28
449	#FFFFFF	#D3D3D3	-34	20.45	28
449	#FFFFFF	#D3D3D3	-33.55	20	28
449	#FFFFFF	#D3D3D3	-34	19.55	28
449	#FFFFFF	#D3D3D3	-34.45	20	28
779	#FFFFFF	#D3D3D3	-44.95	8.5	6
779	#FFFFFF	#D3D3D3	-44.5	8.95	6
779	#FFFFFF	#D3D3D3	-44.05	8.5	6
779	#FFFFFF	#D3D3D3	-44.5	8.05	6
779	#FFFFFF	#D3D3D3	-44.95	8.5	6
770	#FFFFFF	#D3D3D3	-44.45	9	6
770	#FFFFFF	#D3D3D3	-44	9.45	6
770	#FFFFFF	#D3D3D3	-43.55	9	6
770	#FFFFFF	#D3D3D3	-44	8.55	6
770	#FFFFFF	#D3D3D3	-44.45	9	6
759	#FFFFFF	#D3D3D3	-43.95	9.5	6
759	#FFFFFF	#D3D3D3	-43.5	9.95	6
759	#FFFFFF	#D3D3D3	-43.05	9.5	6
759	#FFFFFF	#D3D3D3	-43.5	9.05	6
759	#FFFFFF	#D3D3D3	-43.95	9.5	6
739	#FFFFFF	#D3D3D3	-43.45	10	6
739	#FFFFFF	#D3D3D3	-43	10.45	6
739	#FFFFFF	#D3D3D3	-42.55	10	6
739	#FFFFFF	#D3D3D3	-43	9.55	6
739	#FFFFFF	#D3D3D3	-43.45	10	6
726	#FFFFFF	#D3D3D3	-42.95	10.5	6
726	#FFFFFF	#D3D3D3	-42.5	10.95	6
726	#FFFFFF	#D3D3D3	-42.05	10.5	6
726	#FFFFFF	#D3D3D3	-42.5	10.05	6
726	#FFFFFF	#D3D3D3	-42.95	10.5	6
714	#FFFFFF	#D3D3D3	-42.45	11	6
714	#FFFFFF	#D3D3D3	-42	11.45	6
714	#FFFFFF	#D3D3D3	-41.55	11	6
714	#FFFFFF	#D3D3D3	-42	10.55	6
714	#FFFFFF	#D3D3D3	-42.45	11	6
701	#FFFFFF	#D3D3D3	-41.95	11.5	6
701	#FFFFFF	#D3D3D3	-41.5	11.95	6
701	#FFFFFF	#D3D3D3	-41.05	11.5	6
701	#FFFFFF	#D3D3D3	-41.5	11.05	6
701	#FFFFFF	#D3D3D3	-41.95	11.5	6
688	#FFFFFF	#D3D3D3	-41.45	12	6
688	#FFFFFF	#D3D3D3	-41	12.45	6
688	#FFFFFF	#D3D3D3	-40.55	12	6
688	#FFFFFF	#D3D3D3	-41	11.55	6
688	#FFFFFF	#D3D3D3	-41.45	12	6
674	#FFFFFF	#D3D3D3	-40.95	12.5	12
674	#FFFFFF	#D3D3D3	-40.5	12.95	12
674	#FFFFFF	#D3D3D3	-40.05	12.5	12
674	#FFFFFF	#D3D3D3	-40.5	12.05	12
674	#FFFFFF	#D3D3D3	-40.95	12.5	12
660	#FFFFFF	#D3D3D3	-40.45	13	12
660	#FFFFFF	#D3D3D3	-40	13.45	12
660	#FFFFFF	#D3D3D3	-39.55	13	12
660	#FFFFFF	#D3D3D3	-40	12.55	12
660	#FFFFFF	#D3D3D3	-40.45	13	12
642	#FFFFFF	#D3D3D3	-39.95	13.5	12
642	#FFFFFF	#D3D3D3	-39.5	13.95	12
642	#FFFFFF	#D3D3D3	-39.05	13.5	12
642	#FFFFFF	#D3D3D3	-39.5	13.05	12
642	#FFFFFF	#D3D3D3	-39.95	13.5	12
626	#FFFFFF	#D3D3D3	-39.45	14	12
626	#FFFFFF	#D3D3D3	-39	14.45	12
626	#FFFFFF	#D3D3D3	-38.55	14	12
626	#FFFFFF	#D3D3D3	-39	13.55	12
626	#FFFFFF	#D3D3D3	-39.45	14	12
610	#FFFFFF	#D3D3D3	-38.95	14.5	12
610	#FFFFFF	#D3D3D3	-38.5	14.95	12
610	#FFFFFF	#D3D3D3	-38.05	14.5	12
610	#FFFFFF	#D3D3D3	-38.5	14.05	12
610	#FFFFFF	#D3D3D3	-38.95	14.5	12
594	#FFFFFF	#D3D3D3	-38.45	15	12
594	#FFFFFF	#D3D3D3	-38	15.45	12
594	#FFFFFF	#D3D3D3	-37.55	15	12
594	#FFFFFF	#D3D3D3	-38	14.55	12
594	#FFFFFF	#D3D3D3	-38.45	15	12
577	#FFFFFF	#D3D3D3	-37.95	15.5	12
577	#FFFFFF	#D3D3D3	-37.5	15.95	12
577	#FFFFFF	#D3D3D3	-37.05	15.5	12
577	#FFFFFF	#D3D3D3	-37.5	15.05	12
577	#FFFFFF	#D3D3D3	-37.95	15.5	12
560	#FFFFFF	#D3D3D3	-37.45	16	12
560	#FFFFFF	#D3D3D3	-37	16.45	12
560	#FFFFFF	#D3D3D3	-36.55	16	12
560	#FFFFFF	#D3D3D3	-37	15.55	12
560	#FFFFFF	#D3D3D3	-37.45	16	12
542	#FFFFFF	#D3D3D3	-36.95	16.5	12
542	#FFFFFF	#D3D3D3	-36.5	16.95	12
542	#FFFFFF	#D3D3D3	-36.05	16.5	12
542	#FFFFFF	#D3D3D3	-36.5	16.05	12
542	#FFFFFF	#D3D3D3	-36.95	16.5	12
524	#FFFFFF	#D3D3D3	-36.45	17	12
524	#FFFFFF	#D3D3D3	-36	17.45	12
524	#FFFFFF	#D3D3D3	-35.55	17	12
524	#FFFFFF	#D3D3D3	-36	16.55	12
524	#FFFFFF	#D3D3D3	-36.45	17	12
505	#FFFFFF	#D3D3D3	-35.95	17.5	11
505	#FFFFFF	#D3D3D3	-35.5	17.95	11
505	#FFFFFF	#D3D3D3	-35.05	17.5	11
505	#FFFFFF	#D3D3D3	-35.5	17.05	11
505	#FFFFFF	#D3D3D3	-35.95	17.5	11
486	#FFFFFF	#D3D3D3	-35.45	18	11
486	#FFFFFF	#D3D3D3	-35	18.45	11
486	#FFFFFF	#D3D3D3	-34.55	18	11
486	#FFFFFF	#D3D3D3	-35	17.55	11
486	#FFFFFF	#D3D3D3	-35.45	18	11
466	#FFFFFF	#D3D3D3	-34.95	18.5	11
466	#FFFFFF	#D3D3D3	-34.5	18.95	11
466	#FFFFFF	#D3D3D3	-34.05	18.5	11
466	#FFFFFF	#D3D3D3	-34.5	18.05	11
466	#FFFFFF	#D3D3D3	-34.95	18.5	11
447	#FFFFFF	#D3D3D3	-34.45	19	11
447	#FFFFFF	#D3D3D3	-34	19.45	11
447	#FFFFFF	#D3D3D3	-33.55	19	11
447	#FFFFFF	#D3D3D3	-34	18.55	11
447	#FFFFFF	#D3D3D3	-34.45	19	11
428	#FFFFFF	#D3D3D3	-33.95	19.5	11
428	#FFFFFF	#D3D3D3	-33.5	19.95	11
428	#FFFFFF	#D3D3D3	-33.05	19.5	11
428	#FFFFFF	#D3D3D3	-33.5	19.05	11
428	#FFFFFF	#D3D3D3	-33.95	19.5	11
778	#FFFFFF	#D3D3D3	-44.95	7.5	6
778	#FFFFFF	#D3D3D3	-44.5	7.95	6
778	#FFFFFF	#D3D3D3	-44.05	7.5	6
778	#FFFFFF	#D3D3D3	-44.5	7.05	6
778	#FFFFFF	#D3D3D3	-44.95	7.5	6
769	#FFFFFF	#D3D3D3	-44.45	8	6
769	#FFFFFF	#D3D3D3	-44	8.45	6
769	#FFFFFF	#D3D3D3	-43.55	8	6
769	#FFFFFF	#D3D3D3	-44	7.55	6
769	#FFFFFF	#D3D3D3	-44.45	8	6
758	#FFFFFF	#D3D3D3	-43.95	8.5	6
758	#FFFFFF	#D3D3D3	-43.5	8.95	6
758	#FFFFFF	#D3D3D3	-43.05	8.5	6
758	#FFFFFF	#D3D3D3	-43.5	8.05	6
758	#FFFFFF	#D3D3D3	-43.95	8.5	6
748	#FFFFFF	#D3D3D3	-43.45	9	6
748	#FFFFFF	#D3D3D3	-43	9.45	6
748	#FFFFFF	#D3D3D3	-42.55	9	6
748	#FFFFFF	#D3D3D3	-43	8.55	6
748	#FFFFFF	#D3D3D3	-43.45	9	6
736	#FFFFFF	#D3D3D3	-42.95	9.5	6
736	#FFFFFF	#D3D3D3	-42.5	9.95	6
736	#FFFFFF	#D3D3D3	-42.05	9.5	6
736	#FFFFFF	#D3D3D3	-42.5	9.05	6
736	#FFFFFF	#D3D3D3	-42.95	9.5	6
713	#FFFFFF	#D3D3D3	-42.45	10	6
713	#FFFFFF	#D3D3D3	-42	10.45	6
713	#FFFFFF	#D3D3D3	-41.55	10	6
713	#FFFFFF	#D3D3D3	-42	9.55	6
713	#FFFFFF	#D3D3D3	-42.45	10	6
700	#FFFFFF	#D3D3D3	-41.95	10.5	6
700	#FFFFFF	#D3D3D3	-41.5	10.95	6
700	#FFFFFF	#D3D3D3	-41.05	10.5	6
700	#FFFFFF	#D3D3D3	-41.5	10.05	6
700	#FFFFFF	#D3D3D3	-41.95	10.5	6
687	#FFFFFF	#D3D3D3	-41.45	11	6
687	#FFFFFF	#D3D3D3	-41	11.45	6
687	#FFFFFF	#D3D3D3	-40.55	11	6
687	#FFFFFF	#D3D3D3	-41	10.55	6
687	#FFFFFF	#D3D3D3	-41.45	11	6
673	#FFFFFF	#D3D3D3	-40.95	11.5	6
673	#FFFFFF	#D3D3D3	-40.5	11.95	6
673	#FFFFFF	#D3D3D3	-40.05	11.5	6
673	#FFFFFF	#D3D3D3	-40.5	11.05	6
673	#FFFFFF	#D3D3D3	-40.95	11.5	6
659	#FFFFFF	#D3D3D3	-40.45	12	12
659	#FFFFFF	#D3D3D3	-40	12.45	12
659	#FFFFFF	#D3D3D3	-39.55	12	12
659	#FFFFFF	#D3D3D3	-40	11.55	12
659	#FFFFFF	#D3D3D3	-40.45	12	12
641	#FFFFFF	#D3D3D3	-39.95	12.5	12
641	#FFFFFF	#D3D3D3	-39.5	12.95	12
641	#FFFFFF	#D3D3D3	-39.05	12.5	12
641	#FFFFFF	#D3D3D3	-39.5	12.05	12
641	#FFFFFF	#D3D3D3	-39.95	12.5	12
625	#FFFFFF	#D3D3D3	-39.45	13	12
625	#FFFFFF	#D3D3D3	-39	13.45	12
625	#FFFFFF	#D3D3D3	-38.55	13	12
625	#FFFFFF	#D3D3D3	-39	12.55	12
625	#FFFFFF	#D3D3D3	-39.45	13	12
609	#FFFFFF	#D3D3D3	-38.95	13.5	12
609	#FFFFFF	#D3D3D3	-38.5	13.95	12
609	#FFFFFF	#D3D3D3	-38.05	13.5	12
609	#FFFFFF	#D3D3D3	-38.5	13.05	12
609	#FFFFFF	#D3D3D3	-38.95	13.5	12
593	#FFFFFF	#D3D3D3	-38.45	14	12
593	#FFFFFF	#D3D3D3	-38	14.45	12
593	#FFFFFF	#D3D3D3	-37.55	14	12
593	#FFFFFF	#D3D3D3	-38	13.55	12
593	#FFFFFF	#D3D3D3	-38.45	14	12
576	#FFFFFF	#D3D3D3	-37.95	14.5	12
576	#FFFFFF	#D3D3D3	-37.5	14.95	12
576	#FFFFFF	#D3D3D3	-37.05	14.5	12
576	#FFFFFF	#D3D3D3	-37.5	14.05	12
576	#FFFFFF	#D3D3D3	-37.95	14.5	12
559	#FFFFFF	#D3D3D3	-37.45	15	12
559	#FFFFFF	#D3D3D3	-37	15.45	12
559	#FFFFFF	#D3D3D3	-36.55	15	12
559	#FFFFFF	#D3D3D3	-37	14.55	12
559	#FFFFFF	#D3D3D3	-37.45	15	12
541	#FFFFFF	#D3D3D3	-36.95	15.5	12
541	#FFFFFF	#D3D3D3	-36.5	15.95	12
541	#FFFFFF	#D3D3D3	-36.05	15.5	12
541	#FFFFFF	#D3D3D3	-36.5	15.05	12
541	#FFFFFF	#D3D3D3	-36.95	15.5	12
523	#FFFFFF	#D3D3D3	-36.45	16	12
523	#FFFFFF	#D3D3D3	-36	16.45	12
523	#FFFFFF	#D3D3D3	-35.55	16	12
523	#FFFFFF	#D3D3D3	-36	15.55	12
523	#FFFFFF	#D3D3D3	-36.45	16	12
504	#FFFFFF	#D3D3D3	-35.95	16.5	12
504	#FFFFFF	#D3D3D3	-35.5	16.95	12
504	#FFFFFF	#D3D3D3	-35.05	16.5	12
504	#FFFFFF	#D3D3D3	-35.5	16.05	12
504	#FFFFFF	#D3D3D3	-35.95	16.5	12
485	#FFFFFF	#D3D3D3	-35.45	17	11
485	#FFFFFF	#D3D3D3	-35	17.45	11
485	#FFFFFF	#D3D3D3	-34.55	17	11
485	#FFFFFF	#D3D3D3	-35	16.55	11
485	#FFFFFF	#D3D3D3	-35.45	17	11
465	#FFFFFF	#D3D3D3	-34.95	17.5	11
465	#FFFFFF	#D3D3D3	-34.5	17.95	11
465	#FFFFFF	#D3D3D3	-34.05	17.5	11
465	#FFFFFF	#D3D3D3	-34.5	17.05	11
465	#FFFFFF	#D3D3D3	-34.95	17.5	11
446	#FFFFFF	#D3D3D3	-34.45	18	11
446	#FFFFFF	#D3D3D3	-34	18.45	11
446	#FFFFFF	#D3D3D3	-33.55	18	11
446	#FFFFFF	#D3D3D3	-34	17.55	11
446	#FFFFFF	#D3D3D3	-34.45	18	11
427	#FFFFFF	#D3D3D3	-33.95	18.5	11
427	#FFFFFF	#D3D3D3	-33.5	18.95	11
427	#FFFFFF	#D3D3D3	-33.05	18.5	11
427	#FFFFFF	#D3D3D3	-33.5	18.05	11
427	#FFFFFF	#D3D3D3	-33.95	18.5	11
409	#FFFFFF	#D3D3D3	-33.45	19	11
409	#FFFFFF	#D3D3D3	-33	19.45	11
409	#FFFFFF	#D3D3D3	-32.55	19	11
409	#FFFFFF	#D3D3D3	-33	18.55	11
409	#FFFFFF	#D3D3D3	-33.45	19	11
777	#FFFFFF	#D3D3D3	-44.95	6.5	13
777	#FFFFFF	#D3D3D3	-44.5	6.95	13
777	#FFFFFF	#D3D3D3	-44.05	6.5	13
777	#FFFFFF	#D3D3D3	-44.5	6.05	13
777	#FFFFFF	#D3D3D3	-44.95	6.5	13
768	#FFFFFF	#D3D3D3	-44.45	7	13
768	#FFFFFF	#D3D3D3	-44	7.45	13
768	#FFFFFF	#D3D3D3	-43.55	7	13
768	#FFFFFF	#D3D3D3	-44	6.55	13
768	#FFFFFF	#D3D3D3	-44.45	7	13
757	#FFFFFF	#D3D3D3	-43.95	7.5	13
757	#FFFFFF	#D3D3D3	-43.5	7.95	13
757	#FFFFFF	#D3D3D3	-43.05	7.5	13
757	#FFFFFF	#D3D3D3	-43.5	7.05	13
757	#FFFFFF	#D3D3D3	-43.95	7.5	13
747	#FFFFFF	#D3D3D3	-43.45	8	13
747	#FFFFFF	#D3D3D3	-43	8.45	13
747	#FFFFFF	#D3D3D3	-42.55	8	13
747	#FFFFFF	#D3D3D3	-43	7.55	13
747	#FFFFFF	#D3D3D3	-43.45	8	13
735	#FFFFFF	#D3D3D3	-42.95	8.5	13
735	#FFFFFF	#D3D3D3	-42.5	8.95	13
735	#FFFFFF	#D3D3D3	-42.05	8.5	13
735	#FFFFFF	#D3D3D3	-42.5	8.05	13
735	#FFFFFF	#D3D3D3	-42.95	8.5	13
723	#FFFFFF	#D3D3D3	-42.45	9	13
723	#FFFFFF	#D3D3D3	-42	9.45	13
723	#FFFFFF	#D3D3D3	-41.55	9	13
723	#FFFFFF	#D3D3D3	-42	8.55	13
723	#FFFFFF	#D3D3D3	-42.45	9	13
710	#FFFFFF	#D3D3D3	-41.95	9.5	13
710	#FFFFFF	#D3D3D3	-41.5	9.95	13
710	#FFFFFF	#D3D3D3	-41.05	9.5	13
710	#FFFFFF	#D3D3D3	-41.5	9.05	13
710	#FFFFFF	#D3D3D3	-41.95	9.5	13
686	#FFFFFF	#D3D3D3	-41.45	10	13
686	#FFFFFF	#D3D3D3	-41	10.45	13
686	#FFFFFF	#D3D3D3	-40.55	10	13
686	#FFFFFF	#D3D3D3	-41	9.55	13
686	#FFFFFF	#D3D3D3	-41.45	10	13
672	#FFFFFF	#D3D3D3	-40.95	10.5	13
672	#FFFFFF	#D3D3D3	-40.5	10.95	13
672	#FFFFFF	#D3D3D3	-40.05	10.5	13
672	#FFFFFF	#D3D3D3	-40.5	10.05	13
672	#FFFFFF	#D3D3D3	-40.95	10.5	13
658	#FFFFFF	#D3D3D3	-40.45	11	13
658	#FFFFFF	#D3D3D3	-40	11.45	13
658	#FFFFFF	#D3D3D3	-39.55	11	13
658	#FFFFFF	#D3D3D3	-40	10.55	13
658	#FFFFFF	#D3D3D3	-40.45	11	13
640	#FFFFFF	#D3D3D3	-39.95	11.5	19
640	#FFFFFF	#D3D3D3	-39.5	11.95	19
640	#FFFFFF	#D3D3D3	-39.05	11.5	19
640	#FFFFFF	#D3D3D3	-39.5	11.05	19
640	#FFFFFF	#D3D3D3	-39.95	11.5	19
624	#FFFFFF	#D3D3D3	-39.45	12	19
624	#FFFFFF	#D3D3D3	-39	12.45	19
624	#FFFFFF	#D3D3D3	-38.55	12	19
624	#FFFFFF	#D3D3D3	-39	11.55	19
624	#FFFFFF	#D3D3D3	-39.45	12	19
608	#FFFFFF	#D3D3D3	-38.95	12.5	19
608	#FFFFFF	#D3D3D3	-38.5	12.95	19
608	#FFFFFF	#D3D3D3	-38.05	12.5	19
608	#FFFFFF	#D3D3D3	-38.5	12.05	19
608	#FFFFFF	#D3D3D3	-38.95	12.5	19
592	#FFFFFF	#D3D3D3	-38.45	13	19
592	#FFFFFF	#D3D3D3	-38	13.45	19
592	#FFFFFF	#D3D3D3	-37.55	13	19
592	#FFFFFF	#D3D3D3	-38	12.55	19
592	#FFFFFF	#D3D3D3	-38.45	13	19
575	#FFFFFF	#D3D3D3	-37.95	13.5	19
575	#FFFFFF	#D3D3D3	-37.5	13.95	19
575	#FFFFFF	#D3D3D3	-37.05	13.5	19
575	#FFFFFF	#D3D3D3	-37.5	13.05	19
575	#FFFFFF	#D3D3D3	-37.95	13.5	19
558	#FFFFFF	#D3D3D3	-37.45	14	19
558	#FFFFFF	#D3D3D3	-37	14.45	19
558	#FFFFFF	#D3D3D3	-36.55	14	19
558	#FFFFFF	#D3D3D3	-37	13.55	19
558	#FFFFFF	#D3D3D3	-37.45	14	19
540	#FFFFFF	#D3D3D3	-36.95	14.5	19
540	#FFFFFF	#D3D3D3	-36.5	14.95	19
540	#FFFFFF	#D3D3D3	-36.05	14.5	19
540	#FFFFFF	#D3D3D3	-36.5	14.05	19
540	#FFFFFF	#D3D3D3	-36.95	14.5	19
522	#FFFFFF	#D3D3D3	-36.45	15	19
522	#FFFFFF	#D3D3D3	-36	15.45	19
522	#FFFFFF	#D3D3D3	-35.55	15	19
522	#FFFFFF	#D3D3D3	-36	14.55	19
522	#FFFFFF	#D3D3D3	-36.45	15	19
503	#FFFFFF	#D3D3D3	-35.95	15.5	19
503	#FFFFFF	#D3D3D3	-35.5	15.95	19
503	#FFFFFF	#D3D3D3	-35.05	15.5	19
503	#FFFFFF	#D3D3D3	-35.5	15.05	19
503	#FFFFFF	#D3D3D3	-35.95	15.5	19
484	#FFFFFF	#D3D3D3	-35.45	16	19
484	#FFFFFF	#D3D3D3	-35	16.45	19
484	#FFFFFF	#D3D3D3	-34.55	16	19
484	#FFFFFF	#D3D3D3	-35	15.55	19
484	#FFFFFF	#D3D3D3	-35.45	16	19
464	#FFFFFF	#D3D3D3	-34.95	16.5	22
464	#FFFFFF	#D3D3D3	-34.5	16.95	22
464	#FFFFFF	#D3D3D3	-34.05	16.5	22
464	#FFFFFF	#D3D3D3	-34.5	16.05	22
464	#FFFFFF	#D3D3D3	-34.95	16.5	22
445	#FFFFFF	#D3D3D3	-34.45	17	22
445	#FFFFFF	#D3D3D3	-34	17.45	22
445	#FFFFFF	#D3D3D3	-33.55	17	22
445	#FFFFFF	#D3D3D3	-34	16.55	22
445	#FFFFFF	#D3D3D3	-34.45	17	22
426	#FFFFFF	#D3D3D3	-33.95	17.5	22
426	#FFFFFF	#D3D3D3	-33.5	17.95	22
426	#FFFFFF	#D3D3D3	-33.05	17.5	22
426	#FFFFFF	#D3D3D3	-33.5	17.05	22
426	#FFFFFF	#D3D3D3	-33.95	17.5	22
408	#FFFFFF	#D3D3D3	-33.45	18	22
408	#FFFFFF	#D3D3D3	-33	18.45	22
408	#FFFFFF	#D3D3D3	-32.55	18	22
408	#FFFFFF	#D3D3D3	-33	17.55	22
408	#FFFFFF	#D3D3D3	-33.45	18	22
390	#FFFFFF	#D3D3D3	-32.95	18.5	22
390	#FFFFFF	#D3D3D3	-32.5	18.95	22
390	#FFFFFF	#D3D3D3	-32.05	18.5	22
390	#FFFFFF	#D3D3D3	-32.5	18.05	22
390	#FFFFFF	#D3D3D3	-32.95	18.5	22
776	#FFFFFF	#D3D3D3	-44.95	5.5	13
776	#FFFFFF	#D3D3D3	-44.5	5.95	13
776	#FFFFFF	#D3D3D3	-44.05	5.5	13
776	#FFFFFF	#D3D3D3	-44.5	5.05	13
776	#FFFFFF	#D3D3D3	-44.95	5.5	13
767	#FFFFFF	#D3D3D3	-44.45	6	13
767	#FFFFFF	#D3D3D3	-44	6.45	13
767	#FFFFFF	#D3D3D3	-43.55	6	13
767	#FFFFFF	#D3D3D3	-44	5.55	13
767	#FFFFFF	#D3D3D3	-44.45	6	13
756	#FFFFFF	#D3D3D3	-43.95	6.5	13
756	#FFFFFF	#D3D3D3	-43.5	6.95	13
756	#FFFFFF	#D3D3D3	-43.05	6.5	13
756	#FFFFFF	#D3D3D3	-43.5	6.05	13
756	#FFFFFF	#D3D3D3	-43.95	6.5	13
746	#FFFFFF	#D3D3D3	-43.45	7	13
746	#FFFFFF	#D3D3D3	-43	7.45	13
746	#FFFFFF	#D3D3D3	-42.55	7	13
746	#FFFFFF	#D3D3D3	-43	6.55	13
746	#FFFFFF	#D3D3D3	-43.45	7	13
734	#FFFFFF	#D3D3D3	-42.95	7.5	13
734	#FFFFFF	#D3D3D3	-42.5	7.95	13
734	#FFFFFF	#D3D3D3	-42.05	7.5	13
734	#FFFFFF	#D3D3D3	-42.5	7.05	13
734	#FFFFFF	#D3D3D3	-42.95	7.5	13
722	#FFFFFF	#D3D3D3	-42.45	8	13
722	#FFFFFF	#D3D3D3	-42	8.45	13
722	#FFFFFF	#D3D3D3	-41.55	8	13
722	#FFFFFF	#D3D3D3	-42	7.55	13
722	#FFFFFF	#D3D3D3	-42.45	8	13
709	#FFFFFF	#D3D3D3	-41.95	8.5	13
709	#FFFFFF	#D3D3D3	-41.5	8.95	13
709	#FFFFFF	#D3D3D3	-41.05	8.5	13
709	#FFFFFF	#D3D3D3	-41.5	8.05	13
709	#FFFFFF	#D3D3D3	-41.95	8.5	13
697	#FFFFFF	#D3D3D3	-41.45	9	13
697	#FFFFFF	#D3D3D3	-41	9.45	13
697	#FFFFFF	#D3D3D3	-40.55	9	13
697	#FFFFFF	#D3D3D3	-41	8.55	13
697	#FFFFFF	#D3D3D3	-41.45	9	13
683	#FFFFFF	#D3D3D3	-40.95	9.5	13
683	#FFFFFF	#D3D3D3	-40.5	9.95	13
683	#FFFFFF	#D3D3D3	-40.05	9.5	13
683	#FFFFFF	#D3D3D3	-40.5	9.05	13
683	#FFFFFF	#D3D3D3	-40.95	9.5	13
657	#FFFFFF	#D3D3D3	-40.45	10	13
657	#FFFFFF	#D3D3D3	-40	10.45	13
657	#FFFFFF	#D3D3D3	-39.55	10	13
657	#FFFFFF	#D3D3D3	-40	9.55	13
657	#FFFFFF	#D3D3D3	-40.45	10	13
639	#FFFFFF	#D3D3D3	-39.95	10.5	13
639	#FFFFFF	#D3D3D3	-39.5	10.95	13
639	#FFFFFF	#D3D3D3	-39.05	10.5	13
639	#FFFFFF	#D3D3D3	-39.5	10.05	13
639	#FFFFFF	#D3D3D3	-39.95	10.5	13
623	#FFFFFF	#D3D3D3	-39.45	11	19
623	#FFFFFF	#D3D3D3	-39	11.45	19
623	#FFFFFF	#D3D3D3	-38.55	11	19
623	#FFFFFF	#D3D3D3	-39	10.55	19
623	#FFFFFF	#D3D3D3	-39.45	11	19
607	#FFFFFF	#D3D3D3	-38.95	11.5	19
607	#FFFFFF	#D3D3D3	-38.5	11.95	19
607	#FFFFFF	#D3D3D3	-38.05	11.5	19
607	#FFFFFF	#D3D3D3	-38.5	11.05	19
607	#FFFFFF	#D3D3D3	-38.95	11.5	19
591	#FFFFFF	#D3D3D3	-38.45	12	19
591	#FFFFFF	#D3D3D3	-38	12.45	19
591	#FFFFFF	#D3D3D3	-37.55	12	19
591	#FFFFFF	#D3D3D3	-38	11.55	19
591	#FFFFFF	#D3D3D3	-38.45	12	19
574	#FFFFFF	#D3D3D3	-37.95	12.5	19
574	#FFFFFF	#D3D3D3	-37.5	12.95	19
574	#FFFFFF	#D3D3D3	-37.05	12.5	19
574	#FFFFFF	#D3D3D3	-37.5	12.05	19
574	#FFFFFF	#D3D3D3	-37.95	12.5	19
557	#FFFFFF	#D3D3D3	-37.45	13	19
557	#FFFFFF	#D3D3D3	-37	13.45	19
557	#FFFFFF	#D3D3D3	-36.55	13	19
557	#FFFFFF	#D3D3D3	-37	12.55	19
557	#FFFFFF	#D3D3D3	-37.45	13	19
539	#FFFFFF	#D3D3D3	-36.95	13.5	19
539	#FFFFFF	#D3D3D3	-36.5	13.95	19
539	#FFFFFF	#D3D3D3	-36.05	13.5	19
539	#FFFFFF	#D3D3D3	-36.5	13.05	19
539	#FFFFFF	#D3D3D3	-36.95	13.5	19
521	#FFFFFF	#D3D3D3	-36.45	14	19
521	#FFFFFF	#D3D3D3	-36	14.45	19
521	#FFFFFF	#D3D3D3	-35.55	14	19
521	#FFFFFF	#D3D3D3	-36	13.55	19
521	#FFFFFF	#D3D3D3	-36.45	14	19
502	#FFFFFF	#D3D3D3	-35.95	14.5	19
502	#FFFFFF	#D3D3D3	-35.5	14.95	19
502	#FFFFFF	#D3D3D3	-35.05	14.5	19
502	#FFFFFF	#D3D3D3	-35.5	14.05	19
502	#FFFFFF	#D3D3D3	-35.95	14.5	19
483	#FFFFFF	#D3D3D3	-35.45	15	19
483	#FFFFFF	#D3D3D3	-35	15.45	19
483	#FFFFFF	#D3D3D3	-34.55	15	19
483	#FFFFFF	#D3D3D3	-35	14.55	19
483	#FFFFFF	#D3D3D3	-35.45	15	19
463	#FFFFFF	#D3D3D3	-34.95	15.5	19
463	#FFFFFF	#D3D3D3	-34.5	15.95	19
463	#FFFFFF	#D3D3D3	-34.05	15.5	19
463	#FFFFFF	#D3D3D3	-34.5	15.05	19
463	#FFFFFF	#D3D3D3	-34.95	15.5	19
444	#FFFFFF	#D3D3D3	-34.45	16	22
444	#FFFFFF	#D3D3D3	-34	16.45	22
444	#FFFFFF	#D3D3D3	-33.55	16	22
444	#FFFFFF	#D3D3D3	-34	15.55	22
444	#FFFFFF	#D3D3D3	-34.45	16	22
425	#FFFFFF	#D3D3D3	-33.95	16.5	22
425	#FFFFFF	#D3D3D3	-33.5	16.95	22
425	#FFFFFF	#D3D3D3	-33.05	16.5	22
425	#FFFFFF	#D3D3D3	-33.5	16.05	22
425	#FFFFFF	#D3D3D3	-33.95	16.5	22
407	#FFFFFF	#D3D3D3	-33.45	17	22
407	#FFFFFF	#D3D3D3	-33	17.45	22
407	#FFFFFF	#D3D3D3	-32.55	17	22
407	#FFFFFF	#D3D3D3	-33	16.55	22
407	#FFFFFF	#D3D3D3	-33.45	17	22
389	#FFFFFF	#D3D3D3	-32.95	17.5	22
389	#FFFFFF	#D3D3D3	-32.5	17.95	22
389	#FFFFFF	#D3D3D3	-32.05	17.5	22
389	#FFFFFF	#D3D3D3	-32.5	17.05	22
389	#FFFFFF	#D3D3D3	-32.95	17.5	22
372	#FFFFFF	#D3D3D3	-32.45	18	22
372	#FFFFFF	#D3D3D3	-32	18.45	22
372	#FFFFFF	#D3D3D3	-31.55	18	22
372	#FFFFFF	#D3D3D3	-32	17.55	22
372	#FFFFFF	#D3D3D3	-32.45	18	22
733	#FFFFFF	#D3D3D3	-42.95	6.5	39
733	#FFFFFF	#D3D3D3	-42.5	6.95	39
733	#FFFFFF	#D3D3D3	-42.05	6.5	39
733	#FFFFFF	#D3D3D3	-42.5	6.05	39
733	#FFFFFF	#D3D3D3	-42.95	6.5	39
775	#FBDDE7	#ACACAC	-44.95	3.5	33
775	#FBDDE7	#ACACAC	-44.5	3.95	33
775	#FBDDE7	#ACACAC	-44.05	3.5	33
775	#FBDDE7	#ACACAC	-44.5	3.05	33
775	#FBDDE7	#ACACAC	-44.95	3.5	33
766	#FFFFFF	#D3D3D3	-44.45	4	23
766	#FFFFFF	#D3D3D3	-44	4.45	23
766	#FFFFFF	#D3D3D3	-43.55	4	23
766	#FFFFFF	#D3D3D3	-44	3.55	23
766	#FFFFFF	#D3D3D3	-44.45	4	23
755	#FFFFFF	#D3D3D3	-43.95	4.5	23
755	#FFFFFF	#D3D3D3	-43.5	4.95	23
755	#FFFFFF	#D3D3D3	-43.05	4.5	23
755	#FFFFFF	#D3D3D3	-43.5	4.05	23
755	#FFFFFF	#D3D3D3	-43.95	4.5	23
745	#FFFFFF	#D3D3D3	-43.45	5	23
745	#FFFFFF	#D3D3D3	-43	5.45	23
745	#FFFFFF	#D3D3D3	-42.55	5	23
745	#FFFFFF	#D3D3D3	-43	4.55	23
745	#FFFFFF	#D3D3D3	-43.45	5	23
732	#FFFFFF	#D3D3D3	-42.95	5.5	23
732	#FFFFFF	#D3D3D3	-42.5	5.95	23
732	#FFFFFF	#D3D3D3	-42.05	5.5	23
732	#FFFFFF	#D3D3D3	-42.5	5.05	23
732	#FFFFFF	#D3D3D3	-42.95	5.5	23
721	#FFFFFF	#D3D3D3	-42.45	6	23
721	#FFFFFF	#D3D3D3	-42	6.45	23
721	#FFFFFF	#D3D3D3	-41.55	6	23
721	#FFFFFF	#D3D3D3	-42	5.55	23
721	#FFFFFF	#D3D3D3	-42.45	6	23
708	#FFFFFF	#D3D3D3	-41.95	6.5	23
708	#FFFFFF	#D3D3D3	-41.5	6.95	23
708	#FFFFFF	#D3D3D3	-41.05	6.5	23
708	#FFFFFF	#D3D3D3	-41.5	6.05	23
708	#FFFFFF	#D3D3D3	-41.95	6.5	23
696	#FFFFFF	#D3D3D3	-41.45	7	23
696	#FFFFFF	#D3D3D3	-41	7.45	23
696	#FFFFFF	#D3D3D3	-40.55	7	23
696	#FFFFFF	#D3D3D3	-41	6.55	23
696	#FFFFFF	#D3D3D3	-41.45	7	23
682	#FFFFFF	#D3D3D3	-40.95	7.5	23
682	#FFFFFF	#D3D3D3	-40.5	7.95	23
682	#FFFFFF	#D3D3D3	-40.05	7.5	23
682	#FFFFFF	#D3D3D3	-40.5	7.05	23
682	#FFFFFF	#D3D3D3	-40.95	7.5	23
669	#FFFFFF	#D3D3D3	-40.45	8	23
669	#FFFFFF	#D3D3D3	-40	8.45	23
669	#FFFFFF	#D3D3D3	-39.55	8	23
669	#FFFFFF	#D3D3D3	-40	7.55	23
669	#FFFFFF	#D3D3D3	-40.45	8	23
651	#FFFFFF	#D3D3D3	-39.95	8.5	23
651	#FFFFFF	#D3D3D3	-39.5	8.95	23
651	#FFFFFF	#D3D3D3	-39.05	8.5	23
651	#FFFFFF	#D3D3D3	-39.5	8.05	23
651	#FFFFFF	#D3D3D3	-39.95	8.5	23
636	#FFFFFF	#D3D3D3	-39.45	9	23
636	#FFFFFF	#D3D3D3	-39	9.45	23
636	#FFFFFF	#D3D3D3	-38.55	9	23
636	#FFFFFF	#D3D3D3	-39	8.55	23
636	#FFFFFF	#D3D3D3	-39.45	9	23
620	#FFFFFF	#D3D3D3	-38.95	9.5	23
620	#FFFFFF	#D3D3D3	-38.5	9.95	23
620	#FFFFFF	#D3D3D3	-38.05	9.5	23
620	#FFFFFF	#D3D3D3	-38.5	9.05	23
620	#FFFFFF	#D3D3D3	-38.95	9.5	23
590	#FFFFFF	#D3D3D3	-38.45	10	5
590	#FFFFFF	#D3D3D3	-38	10.45	5
590	#FFFFFF	#D3D3D3	-37.55	10	5
590	#FFFFFF	#D3D3D3	-38	9.55	5
590	#FFFFFF	#D3D3D3	-38.45	10	5
573	#FFFFFF	#D3D3D3	-37.95	10.5	5
573	#FFFFFF	#D3D3D3	-37.5	10.95	5
573	#FFFFFF	#D3D3D3	-37.05	10.5	5
573	#FFFFFF	#D3D3D3	-37.5	10.05	5
573	#FFFFFF	#D3D3D3	-37.95	10.5	5
556	#FFFFFF	#D3D3D3	-37.45	11	5
556	#FFFFFF	#D3D3D3	-37	11.45	5
556	#FFFFFF	#D3D3D3	-36.55	11	5
556	#FFFFFF	#D3D3D3	-37	10.55	5
556	#FFFFFF	#D3D3D3	-37.45	11	5
538	#FFFFFF	#D3D3D3	-36.95	11.5	5
538	#FFFFFF	#D3D3D3	-36.5	11.95	5
538	#FFFFFF	#D3D3D3	-36.05	11.5	5
538	#FFFFFF	#D3D3D3	-36.5	11.05	5
538	#FFFFFF	#D3D3D3	-36.95	11.5	5
520	#FFFFFF	#D3D3D3	-36.45	12	5
520	#FFFFFF	#D3D3D3	-36	12.45	5
520	#FFFFFF	#D3D3D3	-35.55	12	5
520	#FFFFFF	#D3D3D3	-36	11.55	5
520	#FFFFFF	#D3D3D3	-36.45	12	5
501	#FFFFFF	#D3D3D3	-35.95	12.5	5
501	#FFFFFF	#D3D3D3	-35.5	12.95	5
501	#FFFFFF	#D3D3D3	-35.05	12.5	5
501	#FFFFFF	#D3D3D3	-35.5	12.05	5
501	#FFFFFF	#D3D3D3	-35.95	12.5	5
482	#FFFFFF	#D3D3D3	-35.45	13	5
482	#FFFFFF	#D3D3D3	-35	13.45	5
482	#FFFFFF	#D3D3D3	-34.55	13	5
482	#FFFFFF	#D3D3D3	-35	12.55	5
482	#FFFFFF	#D3D3D3	-35.45	13	5
462	#FFFFFF	#D3D3D3	-34.95	13.5	5
462	#FFFFFF	#D3D3D3	-34.5	13.95	5
462	#FFFFFF	#D3D3D3	-34.05	13.5	5
462	#FFFFFF	#D3D3D3	-34.5	13.05	5
462	#FFFFFF	#D3D3D3	-34.95	13.5	5
443	#FFFFFF	#D3D3D3	-34.45	14	5
443	#FFFFFF	#D3D3D3	-34	14.45	5
443	#FFFFFF	#D3D3D3	-33.55	14	5
443	#FFFFFF	#D3D3D3	-34	13.55	5
443	#FFFFFF	#D3D3D3	-34.45	14	5
424	#FFFFFF	#D3D3D3	-33.95	14.5	5
424	#FFFFFF	#D3D3D3	-33.5	14.95	5
424	#FFFFFF	#D3D3D3	-33.05	14.5	5
424	#FFFFFF	#D3D3D3	-33.5	14.05	5
424	#FFFFFF	#D3D3D3	-33.95	14.5	5
406	#FFFFFF	#D3D3D3	-33.45	15	5
406	#FFFFFF	#D3D3D3	-33	15.45	5
406	#FFFFFF	#D3D3D3	-32.55	15	5
406	#FFFFFF	#D3D3D3	-33	14.55	5
406	#FFFFFF	#D3D3D3	-33.45	15	5
388	#FFFFFF	#D3D3D3	-32.95	15.5	5
388	#FFFFFF	#D3D3D3	-32.5	15.95	5
388	#FFFFFF	#D3D3D3	-32.05	15.5	5
388	#FFFFFF	#D3D3D3	-32.5	15.05	5
388	#FFFFFF	#D3D3D3	-32.95	15.5	5
371	#FFFFFF	#D3D3D3	-32.45	16	5
371	#FFFFFF	#D3D3D3	-32	16.45	5
371	#FFFFFF	#D3D3D3	-31.55	16	5
371	#FFFFFF	#D3D3D3	-32	15.55	5
371	#FFFFFF	#D3D3D3	-32.45	16	5
354	#FFFFFF	#D3D3D3	-31.95	16.5	5
354	#FFFFFF	#D3D3D3	-31.5	16.95	5
354	#FFFFFF	#D3D3D3	-31.05	16.5	5
354	#FFFFFF	#D3D3D3	-31.5	16.05	5
354	#FFFFFF	#D3D3D3	-31.95	16.5	5
337	#FFFFFF	#D3D3D3	-31.45	17	5
337	#FFFFFF	#D3D3D3	-31	17.45	5
337	#FFFFFF	#D3D3D3	-30.55	17	5
337	#FFFFFF	#D3D3D3	-31	16.55	5
337	#FFFFFF	#D3D3D3	-31.45	17	5
774	#CD1076	#000000	-44.95	2.5	9
774	#CD1076	#000000	-44.5	2.95	9
774	#CD1076	#000000	-44.05	2.5	9
774	#CD1076	#000000	-44.5	2.05	9
774	#CD1076	#000000	-44.95	2.5	9
765	#FFFFFF	#D3D3D3	-44.45	3	38
765	#FFFFFF	#D3D3D3	-44	3.45	38
765	#FFFFFF	#D3D3D3	-43.55	3	38
765	#FFFFFF	#D3D3D3	-44	2.55	38
765	#FFFFFF	#D3D3D3	-44.45	3	38
754	#FFFFFF	#D3D3D3	-43.95	3.5	38
754	#FFFFFF	#D3D3D3	-43.5	3.95	38
754	#FFFFFF	#D3D3D3	-43.05	3.5	38
754	#FFFFFF	#D3D3D3	-43.5	3.05	38
754	#FFFFFF	#D3D3D3	-43.95	3.5	38
744	#FFFFFF	#D3D3D3	-43.45	4	38
744	#FFFFFF	#D3D3D3	-43	4.45	38
744	#FFFFFF	#D3D3D3	-42.55	4	38
744	#FFFFFF	#D3D3D3	-43	3.55	38
744	#FFFFFF	#D3D3D3	-43.45	4	38
731	#FFFFFF	#D3D3D3	-42.95	4.5	38
731	#FFFFFF	#D3D3D3	-42.5	4.95	38
731	#FFFFFF	#D3D3D3	-42.05	4.5	38
731	#FFFFFF	#D3D3D3	-42.5	4.05	38
731	#FFFFFF	#D3D3D3	-42.95	4.5	38
720	#FFFFFF	#D3D3D3	-42.45	5	38
720	#FFFFFF	#D3D3D3	-42	5.45	38
720	#FFFFFF	#D3D3D3	-41.55	5	38
720	#FFFFFF	#D3D3D3	-42	4.55	38
720	#FFFFFF	#D3D3D3	-42.45	5	38
707	#FFFFFF	#D3D3D3	-41.95	5.5	38
707	#FFFFFF	#D3D3D3	-41.5	5.95	38
707	#FFFFFF	#D3D3D3	-41.05	5.5	38
707	#FFFFFF	#D3D3D3	-41.5	5.05	38
707	#FFFFFF	#D3D3D3	-41.95	5.5	38
695	#FFFFFF	#D3D3D3	-41.45	6	38
695	#FFFFFF	#D3D3D3	-41	6.45	38
695	#FFFFFF	#D3D3D3	-40.55	6	38
695	#FFFFFF	#D3D3D3	-41	5.55	38
695	#FFFFFF	#D3D3D3	-41.45	6	38
681	#FFFFFF	#D3D3D3	-40.95	6.5	38
681	#FFFFFF	#D3D3D3	-40.5	6.95	38
681	#FFFFFF	#D3D3D3	-40.05	6.5	38
681	#FFFFFF	#D3D3D3	-40.5	6.05	38
681	#FFFFFF	#D3D3D3	-40.95	6.5	38
668	#FFFFFF	#D3D3D3	-40.45	7	38
668	#FFFFFF	#D3D3D3	-40	7.45	38
668	#FFFFFF	#D3D3D3	-39.55	7	38
668	#FFFFFF	#D3D3D3	-40	6.55	38
668	#FFFFFF	#D3D3D3	-40.45	7	38
650	#FFFFFF	#D3D3D3	-39.95	7.5	38
650	#FFFFFF	#D3D3D3	-39.5	7.95	38
650	#FFFFFF	#D3D3D3	-39.05	7.5	38
650	#FFFFFF	#D3D3D3	-39.5	7.05	38
650	#FFFFFF	#D3D3D3	-39.95	7.5	38
635	#FFFFFF	#D3D3D3	-39.45	8	38
635	#FFFFFF	#D3D3D3	-39	8.45	38
635	#FFFFFF	#D3D3D3	-38.55	8	38
635	#FFFFFF	#D3D3D3	-39	7.55	38
635	#FFFFFF	#D3D3D3	-39.45	8	38
619	#FFFFFF	#D3D3D3	-38.95	8.5	38
619	#FFFFFF	#D3D3D3	-38.5	8.95	38
619	#FFFFFF	#D3D3D3	-38.05	8.5	38
619	#FFFFFF	#D3D3D3	-38.5	8.05	38
619	#FFFFFF	#D3D3D3	-38.95	8.5	38
604	#FFFFFF	#D3D3D3	-38.45	9	36
604	#FFFFFF	#D3D3D3	-38	9.45	36
604	#FFFFFF	#D3D3D3	-37.55	9	36
604	#FFFFFF	#D3D3D3	-38	8.55	36
604	#FFFFFF	#D3D3D3	-38.45	9	36
587	#FFFFFF	#D3D3D3	-37.95	9.5	36
587	#FFFFFF	#D3D3D3	-37.5	9.95	36
587	#FFFFFF	#D3D3D3	-37.05	9.5	36
587	#FFFFFF	#D3D3D3	-37.5	9.05	36
587	#FFFFFF	#D3D3D3	-37.95	9.5	36
555	#FFFFFF	#D3D3D3	-37.45	10	36
555	#FFFFFF	#D3D3D3	-37	10.45	36
555	#FFFFFF	#D3D3D3	-36.55	10	36
555	#FFFFFF	#D3D3D3	-37	9.55	36
555	#FFFFFF	#D3D3D3	-37.45	10	36
537	#FFFFFF	#D3D3D3	-36.95	10.5	36
537	#FFFFFF	#D3D3D3	-36.5	10.95	36
537	#FFFFFF	#D3D3D3	-36.05	10.5	36
537	#FFFFFF	#D3D3D3	-36.5	10.05	36
537	#FFFFFF	#D3D3D3	-36.95	10.5	36
519	#FFFFFF	#D3D3D3	-36.45	11	36
519	#FFFFFF	#D3D3D3	-36	11.45	36
519	#FFFFFF	#D3D3D3	-35.55	11	36
519	#FFFFFF	#D3D3D3	-36	10.55	36
519	#FFFFFF	#D3D3D3	-36.45	11	36
500	#FFFFFF	#D3D3D3	-35.95	11.5	36
500	#FFFFFF	#D3D3D3	-35.5	11.95	36
500	#FFFFFF	#D3D3D3	-35.05	11.5	36
500	#FFFFFF	#D3D3D3	-35.5	11.05	36
500	#FFFFFF	#D3D3D3	-35.95	11.5	36
481	#FFFFFF	#D3D3D3	-35.45	12	36
481	#FFFFFF	#D3D3D3	-35	12.45	36
481	#FFFFFF	#D3D3D3	-34.55	12	36
481	#FFFFFF	#D3D3D3	-35	11.55	36
481	#FFFFFF	#D3D3D3	-35.45	12	36
461	#FFFFFF	#D3D3D3	-34.95	12.5	36
461	#FFFFFF	#D3D3D3	-34.5	12.95	36
461	#FFFFFF	#D3D3D3	-34.05	12.5	36
461	#FFFFFF	#D3D3D3	-34.5	12.05	36
461	#FFFFFF	#D3D3D3	-34.95	12.5	36
442	#FFFFFF	#D3D3D3	-34.45	13	36
442	#FFFFFF	#D3D3D3	-34	13.45	36
442	#FFFFFF	#D3D3D3	-33.55	13	36
442	#FFFFFF	#D3D3D3	-34	12.55	36
442	#FFFFFF	#D3D3D3	-34.45	13	36
423	#FFFFFF	#D3D3D3	-33.95	13.5	10
423	#FFFFFF	#D3D3D3	-33.5	13.95	10
423	#FFFFFF	#D3D3D3	-33.05	13.5	10
423	#FFFFFF	#D3D3D3	-33.5	13.05	10
423	#FFFFFF	#D3D3D3	-33.95	13.5	10
405	#FFFFFF	#D3D3D3	-33.45	14	20
405	#FFFFFF	#D3D3D3	-33	14.45	20
405	#FFFFFF	#D3D3D3	-32.55	14	20
405	#FFFFFF	#D3D3D3	-33	13.55	20
405	#FFFFFF	#D3D3D3	-33.45	14	20
387	#FFFFFF	#D3D3D3	-32.95	14.5	20
387	#FFFFFF	#D3D3D3	-32.5	14.95	20
387	#FFFFFF	#D3D3D3	-32.05	14.5	20
387	#FFFFFF	#D3D3D3	-32.5	14.05	20
387	#FFFFFF	#D3D3D3	-32.95	14.5	20
370	#FFFFFF	#D3D3D3	-32.45	15	32
370	#FFFFFF	#D3D3D3	-32	15.45	32
370	#FFFFFF	#D3D3D3	-31.55	15	32
370	#FFFFFF	#D3D3D3	-32	14.55	32
370	#FFFFFF	#D3D3D3	-32.45	15	32
353	#FFFFFF	#D3D3D3	-31.95	15.5	32
353	#FFFFFF	#D3D3D3	-31.5	15.95	32
353	#FFFFFF	#D3D3D3	-31.05	15.5	32
353	#FFFFFF	#D3D3D3	-31.5	15.05	32
353	#FFFFFF	#D3D3D3	-31.95	15.5	32
336	#FFFFFF	#D3D3D3	-31.45	16	32
336	#FFFFFF	#D3D3D3	-31	16.45	32
336	#FFFFFF	#D3D3D3	-30.55	16	32
336	#FFFFFF	#D3D3D3	-31	15.55	32
336	#FFFFFF	#D3D3D3	-31.45	16	32
319	#FFFFFF	#D3D3D3	-30.95	16.5	32
319	#FFFFFF	#D3D3D3	-30.5	16.95	32
319	#FFFFFF	#D3D3D3	-30.05	16.5	32
319	#FFFFFF	#D3D3D3	-30.5	16.05	32
319	#FFFFFF	#D3D3D3	-30.95	16.5	32
772	#E1699A	#383838	-44.95	1.5	8
772	#E1699A	#383838	-44.5	1.95	8
772	#E1699A	#383838	-44.05	1.5	8
772	#E1699A	#383838	-44.5	1.05	8
772	#E1699A	#383838	-44.95	1.5	8
764	#CD1076	#000000	-44.45	2	9
764	#CD1076	#000000	-44	2.45	9
764	#CD1076	#000000	-43.55	2	9
764	#CD1076	#000000	-44	1.55	9
764	#CD1076	#000000	-44.45	2	9
753	#FFFFFF	#D3D3D3	-43.95	2.5	37
753	#FFFFFF	#D3D3D3	-43.5	2.95	37
753	#FFFFFF	#D3D3D3	-43.05	2.5	37
753	#FFFFFF	#D3D3D3	-43.5	2.05	37
753	#FFFFFF	#D3D3D3	-43.95	2.5	37
743	#FFFFFF	#D3D3D3	-43.45	3	37
743	#FFFFFF	#D3D3D3	-43	3.45	37
743	#FFFFFF	#D3D3D3	-42.55	3	37
743	#FFFFFF	#D3D3D3	-43	2.55	37
743	#FFFFFF	#D3D3D3	-43.45	3	37
730	#FFFFFF	#D3D3D3	-42.95	3.5	37
730	#FFFFFF	#D3D3D3	-42.5	3.95	37
730	#FFFFFF	#D3D3D3	-42.05	3.5	37
730	#FFFFFF	#D3D3D3	-42.5	3.05	37
730	#FFFFFF	#D3D3D3	-42.95	3.5	37
719	#FFFFFF	#D3D3D3	-42.45	4	37
719	#FFFFFF	#D3D3D3	-42	4.45	37
719	#FFFFFF	#D3D3D3	-41.55	4	37
719	#FFFFFF	#D3D3D3	-42	3.55	37
719	#FFFFFF	#D3D3D3	-42.45	4	37
706	#FFFFFF	#D3D3D3	-41.95	4.5	37
706	#FFFFFF	#D3D3D3	-41.5	4.95	37
706	#FFFFFF	#D3D3D3	-41.05	4.5	37
706	#FFFFFF	#D3D3D3	-41.5	4.05	37
706	#FFFFFF	#D3D3D3	-41.95	4.5	37
694	#FFFFFF	#D3D3D3	-41.45	5	37
694	#FFFFFF	#D3D3D3	-41	5.45	37
694	#FFFFFF	#D3D3D3	-40.55	5	37
694	#FFFFFF	#D3D3D3	-41	4.55	37
694	#FFFFFF	#D3D3D3	-41.45	5	37
680	#FFFFFF	#D3D3D3	-40.95	5.5	37
680	#FFFFFF	#D3D3D3	-40.5	5.95	37
680	#FFFFFF	#D3D3D3	-40.05	5.5	37
680	#FFFFFF	#D3D3D3	-40.5	5.05	37
680	#FFFFFF	#D3D3D3	-40.95	5.5	37
667	#FFFFFF	#D3D3D3	-40.45	6	37
667	#FFFFFF	#D3D3D3	-40	6.45	37
667	#FFFFFF	#D3D3D3	-39.55	6	37
667	#FFFFFF	#D3D3D3	-40	5.55	37
667	#FFFFFF	#D3D3D3	-40.45	6	37
649	#FFFFFF	#D3D3D3	-39.95	6.5	37
649	#FFFFFF	#D3D3D3	-39.5	6.95	37
649	#FFFFFF	#D3D3D3	-39.05	6.5	37
649	#FFFFFF	#D3D3D3	-39.5	6.05	37
649	#FFFFFF	#D3D3D3	-39.95	6.5	37
634	#FFFFFF	#D3D3D3	-39.45	7	37
634	#FFFFFF	#D3D3D3	-39	7.45	37
634	#FFFFFF	#D3D3D3	-38.55	7	37
634	#FFFFFF	#D3D3D3	-39	6.55	37
634	#FFFFFF	#D3D3D3	-39.45	7	37
618	#FFFFFF	#D3D3D3	-38.95	7.5	37
618	#FFFFFF	#D3D3D3	-38.5	7.95	37
618	#FFFFFF	#D3D3D3	-38.05	7.5	37
618	#FFFFFF	#D3D3D3	-38.5	7.05	37
618	#FFFFFF	#D3D3D3	-38.95	7.5	37
603	#FFFFFF	#D3D3D3	-38.45	8	38
603	#FFFFFF	#D3D3D3	-38	8.45	38
603	#FFFFFF	#D3D3D3	-37.55	8	38
603	#FFFFFF	#D3D3D3	-38	7.55	38
603	#FFFFFF	#D3D3D3	-38.45	8	38
586	#FFFFFF	#D3D3D3	-37.95	8.5	38
586	#FFFFFF	#D3D3D3	-37.5	8.95	38
586	#FFFFFF	#D3D3D3	-37.05	8.5	38
586	#FFFFFF	#D3D3D3	-37.5	8.05	38
586	#FFFFFF	#D3D3D3	-37.95	8.5	38
570	#FFFFFF	#D3D3D3	-37.45	9	38
570	#FFFFFF	#D3D3D3	-37	9.45	38
570	#FFFFFF	#D3D3D3	-36.55	9	38
570	#FFFFFF	#D3D3D3	-37	8.55	38
570	#FFFFFF	#D3D3D3	-37.45	9	38
552	#FFFFFF	#D3D3D3	-36.95	9.5	10
552	#FFFFFF	#D3D3D3	-36.5	9.95	10
552	#FFFFFF	#D3D3D3	-36.05	9.5	10
552	#FFFFFF	#D3D3D3	-36.5	9.05	10
552	#FFFFFF	#D3D3D3	-36.95	9.5	10
518	#FFFFFF	#D3D3D3	-36.45	10	10
518	#FFFFFF	#D3D3D3	-36	10.45	10
518	#FFFFFF	#D3D3D3	-35.55	10	10
518	#FFFFFF	#D3D3D3	-36	9.55	10
518	#FFFFFF	#D3D3D3	-36.45	10	10
499	#FFFFFF	#D3D3D3	-35.95	10.5	10
499	#FFFFFF	#D3D3D3	-35.5	10.95	10
499	#FFFFFF	#D3D3D3	-35.05	10.5	10
499	#FFFFFF	#D3D3D3	-35.5	10.05	10
499	#FFFFFF	#D3D3D3	-35.95	10.5	10
480	#FFFFFF	#D3D3D3	-35.45	11	10
480	#FFFFFF	#D3D3D3	-35	11.45	10
480	#FFFFFF	#D3D3D3	-34.55	11	10
480	#FFFFFF	#D3D3D3	-35	10.55	10
480	#FFFFFF	#D3D3D3	-35.45	11	10
460	#FFFFFF	#D3D3D3	-34.95	11.5	10
460	#FFFFFF	#D3D3D3	-34.5	11.95	10
460	#FFFFFF	#D3D3D3	-34.05	11.5	10
460	#FFFFFF	#D3D3D3	-34.5	11.05	10
460	#FFFFFF	#D3D3D3	-34.95	11.5	10
441	#FFFFFF	#D3D3D3	-34.45	12	10
441	#FFFFFF	#D3D3D3	-34	12.45	10
441	#FFFFFF	#D3D3D3	-33.55	12	10
441	#FFFFFF	#D3D3D3	-34	11.55	10
441	#FFFFFF	#D3D3D3	-34.45	12	10
422	#FFFFFF	#D3D3D3	-33.95	12.5	10
422	#FFFFFF	#D3D3D3	-33.5	12.95	10
422	#FFFFFF	#D3D3D3	-33.05	12.5	10
422	#FFFFFF	#D3D3D3	-33.5	12.05	10
422	#FFFFFF	#D3D3D3	-33.95	12.5	10
404	#FFFFFF	#D3D3D3	-33.45	13	10
404	#FFFFFF	#D3D3D3	-33	13.45	10
404	#FFFFFF	#D3D3D3	-32.55	13	10
404	#FFFFFF	#D3D3D3	-33	12.55	10
404	#FFFFFF	#D3D3D3	-33.45	13	10
386	#FFFFFF	#D3D3D3	-32.95	13.5	10
386	#FFFFFF	#D3D3D3	-32.5	13.95	10
386	#FFFFFF	#D3D3D3	-32.05	13.5	10
386	#FFFFFF	#D3D3D3	-32.5	13.05	10
386	#FFFFFF	#D3D3D3	-32.95	13.5	10
369	#FFFFFF	#D3D3D3	-32.45	14	20
369	#FFFFFF	#D3D3D3	-32	14.45	20
369	#FFFFFF	#D3D3D3	-31.55	14	20
369	#FFFFFF	#D3D3D3	-32	13.55	20
369	#FFFFFF	#D3D3D3	-32.45	14	20
352	#FFFFFF	#D3D3D3	-31.95	14.5	20
352	#FFFFFF	#D3D3D3	-31.5	14.95	20
352	#FFFFFF	#D3D3D3	-31.05	14.5	20
352	#FFFFFF	#D3D3D3	-31.5	14.05	20
352	#FFFFFF	#D3D3D3	-31.95	14.5	20
335	#FFFFFF	#D3D3D3	-31.45	15	20
335	#FFFFFF	#D3D3D3	-31	15.45	20
335	#FFFFFF	#D3D3D3	-30.55	15	20
335	#FFFFFF	#D3D3D3	-31	14.55	20
335	#FFFFFF	#D3D3D3	-31.45	15	20
318	#FFFFFF	#D3D3D3	-30.95	15.5	20
318	#FFFFFF	#D3D3D3	-30.5	15.95	20
318	#FFFFFF	#D3D3D3	-30.05	15.5	20
318	#FFFFFF	#D3D3D3	-30.5	15.05	20
318	#FFFFFF	#D3D3D3	-30.95	15.5	20
302	#FFFFFF	#D3D3D3	-30.45	16	20
302	#FFFFFF	#D3D3D3	-30	16.45	20
302	#FFFFFF	#D3D3D3	-29.55	16	20
302	#FFFFFF	#D3D3D3	-30	15.55	20
302	#FFFFFF	#D3D3D3	-30.45	16	20
771	#E1699A	#383838	-44.95	0.5	8
771	#E1699A	#383838	-44.5	0.95	8
771	#E1699A	#383838	-44.05	0.5	8
771	#E1699A	#383838	-44.5	0.05	8
771	#E1699A	#383838	-44.95	0.5	8
761	#E1699A	#383838	-44.45	1	8
761	#E1699A	#383838	-44	1.45	8
761	#E1699A	#383838	-43.55	1	8
761	#E1699A	#383838	-44	0.55	8
761	#E1699A	#383838	-44.45	1	8
750	#CD1076	#000000	-43.95	1.5	9
750	#CD1076	#000000	-43.5	1.95	9
750	#CD1076	#000000	-43.05	1.5	9
750	#CD1076	#000000	-43.5	1.05	9
750	#CD1076	#000000	-43.95	1.5	9
742	#FFFFFF	#D3D3D3	-43.45	2	37
742	#FFFFFF	#D3D3D3	-43	2.45	37
742	#FFFFFF	#D3D3D3	-42.55	2	37
742	#FFFFFF	#D3D3D3	-43	1.55	37
742	#FFFFFF	#D3D3D3	-43.45	2	37
729	#FFFFFF	#D3D3D3	-42.95	2.5	37
729	#FFFFFF	#D3D3D3	-42.5	2.95	37
729	#FFFFFF	#D3D3D3	-42.05	2.5	37
729	#FFFFFF	#D3D3D3	-42.5	2.05	37
729	#FFFFFF	#D3D3D3	-42.95	2.5	37
718	#FFFFFF	#D3D3D3	-42.45	3	37
718	#FFFFFF	#D3D3D3	-42	3.45	37
718	#FFFFFF	#D3D3D3	-41.55	3	37
718	#FFFFFF	#D3D3D3	-42	2.55	37
718	#FFFFFF	#D3D3D3	-42.45	3	37
705	#FFFFFF	#D3D3D3	-41.95	3.5	37
705	#FFFFFF	#D3D3D3	-41.5	3.95	37
705	#FFFFFF	#D3D3D3	-41.05	3.5	37
705	#FFFFFF	#D3D3D3	-41.5	3.05	37
705	#FFFFFF	#D3D3D3	-41.95	3.5	37
693	#FFFFFF	#D3D3D3	-41.45	4	37
693	#FFFFFF	#D3D3D3	-41	4.45	37
693	#FFFFFF	#D3D3D3	-40.55	4	37
693	#FFFFFF	#D3D3D3	-41	3.55	37
693	#FFFFFF	#D3D3D3	-41.45	4	37
679	#FFFFFF	#D3D3D3	-40.95	4.5	37
679	#FFFFFF	#D3D3D3	-40.5	4.95	37
679	#FFFFFF	#D3D3D3	-40.05	4.5	37
679	#FFFFFF	#D3D3D3	-40.5	4.05	37
679	#FFFFFF	#D3D3D3	-40.95	4.5	37
666	#FFFFFF	#D3D3D3	-40.45	5	37
666	#FFFFFF	#D3D3D3	-40	5.45	37
666	#FFFFFF	#D3D3D3	-39.55	5	37
666	#FFFFFF	#D3D3D3	-40	4.55	37
666	#FFFFFF	#D3D3D3	-40.45	5	37
648	#FFFFFF	#D3D3D3	-39.95	5.5	37
648	#FFFFFF	#D3D3D3	-39.5	5.95	37
648	#FFFFFF	#D3D3D3	-39.05	5.5	37
648	#FFFFFF	#D3D3D3	-39.5	5.05	37
648	#FFFFFF	#D3D3D3	-39.95	5.5	37
633	#FFFFFF	#D3D3D3	-39.45	6	37
633	#FFFFFF	#D3D3D3	-39	6.45	37
633	#FFFFFF	#D3D3D3	-38.55	6	37
633	#FFFFFF	#D3D3D3	-39	5.55	37
633	#FFFFFF	#D3D3D3	-39.45	6	37
617	#FFFFFF	#D3D3D3	-38.95	6.5	37
617	#FFFFFF	#D3D3D3	-38.5	6.95	37
617	#FFFFFF	#D3D3D3	-38.05	6.5	37
617	#FFFFFF	#D3D3D3	-38.5	6.05	37
617	#FFFFFF	#D3D3D3	-38.95	6.5	37
602	#FFFFFF	#D3D3D3	-38.45	7	37
602	#FFFFFF	#D3D3D3	-38	7.45	37
602	#FFFFFF	#D3D3D3	-37.55	7	37
602	#FFFFFF	#D3D3D3	-38	6.55	37
602	#FFFFFF	#D3D3D3	-38.45	7	37
585	#FFFFFF	#D3D3D3	-37.95	7.5	38
585	#FFFFFF	#D3D3D3	-37.5	7.95	38
585	#FFFFFF	#D3D3D3	-37.05	7.5	38
585	#FFFFFF	#D3D3D3	-37.5	7.05	38
585	#FFFFFF	#D3D3D3	-37.95	7.5	38
569	#FFFFFF	#D3D3D3	-37.45	8	38
569	#FFFFFF	#D3D3D3	-37	8.45	38
569	#FFFFFF	#D3D3D3	-36.55	8	38
569	#FFFFFF	#D3D3D3	-37	7.55	38
569	#FFFFFF	#D3D3D3	-37.45	8	38
551	#FFFFFF	#D3D3D3	-36.95	8.5	38
551	#FFFFFF	#D3D3D3	-36.5	8.95	38
551	#FFFFFF	#D3D3D3	-36.05	8.5	38
551	#FFFFFF	#D3D3D3	-36.5	8.05	38
551	#FFFFFF	#D3D3D3	-36.95	8.5	38
534	#FFFFFF	#D3D3D3	-36.45	9	10
534	#FFFFFF	#D3D3D3	-36	9.45	10
534	#FFFFFF	#D3D3D3	-35.55	9	10
534	#FFFFFF	#D3D3D3	-36	8.55	10
534	#FFFFFF	#D3D3D3	-36.45	9	10
515	#FFFFFF	#D3D3D3	-35.95	9.5	10
515	#FFFFFF	#D3D3D3	-35.5	9.95	10
515	#FFFFFF	#D3D3D3	-35.05	9.5	10
515	#FFFFFF	#D3D3D3	-35.5	9.05	10
515	#FFFFFF	#D3D3D3	-35.95	9.5	10
479	#FFFFFF	#D3D3D3	-35.45	10	10
479	#FFFFFF	#D3D3D3	-35	10.45	10
479	#FFFFFF	#D3D3D3	-34.55	10	10
479	#FFFFFF	#D3D3D3	-35	9.55	10
479	#FFFFFF	#D3D3D3	-35.45	10	10
459	#FFFFFF	#D3D3D3	-34.95	10.5	10
459	#FFFFFF	#D3D3D3	-34.5	10.95	10
459	#FFFFFF	#D3D3D3	-34.05	10.5	10
459	#FFFFFF	#D3D3D3	-34.5	10.05	10
459	#FFFFFF	#D3D3D3	-34.95	10.5	10
440	#FFFFFF	#D3D3D3	-34.45	11	10
440	#FFFFFF	#D3D3D3	-34	11.45	10
440	#FFFFFF	#D3D3D3	-33.55	11	10
440	#FFFFFF	#D3D3D3	-34	10.55	10
440	#FFFFFF	#D3D3D3	-34.45	11	10
421	#FFFFFF	#D3D3D3	-33.95	11.5	10
421	#FFFFFF	#D3D3D3	-33.5	11.95	10
421	#FFFFFF	#D3D3D3	-33.05	11.5	10
421	#FFFFFF	#D3D3D3	-33.5	11.05	10
421	#FFFFFF	#D3D3D3	-33.95	11.5	10
403	#FFFFFF	#D3D3D3	-33.45	12	10
403	#FFFFFF	#D3D3D3	-33	12.45	10
403	#FFFFFF	#D3D3D3	-32.55	12	10
403	#FFFFFF	#D3D3D3	-33	11.55	10
403	#FFFFFF	#D3D3D3	-33.45	12	10
385	#FFFFFF	#D3D3D3	-32.95	12.5	10
385	#FFFFFF	#D3D3D3	-32.5	12.95	10
385	#FFFFFF	#D3D3D3	-32.05	12.5	10
385	#FFFFFF	#D3D3D3	-32.5	12.05	10
385	#FFFFFF	#D3D3D3	-32.95	12.5	10
368	#FFFFFF	#D3D3D3	-32.45	13	10
368	#FFFFFF	#D3D3D3	-32	13.45	10
368	#FFFFFF	#D3D3D3	-31.55	13	10
368	#FFFFFF	#D3D3D3	-32	12.55	10
368	#FFFFFF	#D3D3D3	-32.45	13	10
351	#FFFFFF	#D3D3D3	-31.95	13.5	20
351	#FFFFFF	#D3D3D3	-31.5	13.95	20
351	#FFFFFF	#D3D3D3	-31.05	13.5	20
351	#FFFFFF	#D3D3D3	-31.5	13.05	20
351	#FFFFFF	#D3D3D3	-31.95	13.5	20
334	#FFFFFF	#D3D3D3	-31.45	14	20
334	#FFFFFF	#D3D3D3	-31	14.45	20
334	#FFFFFF	#D3D3D3	-30.55	14	20
334	#FFFFFF	#D3D3D3	-31	13.55	20
334	#FFFFFF	#D3D3D3	-31.45	14	20
317	#FFFFFF	#D3D3D3	-30.95	14.5	20
317	#FFFFFF	#D3D3D3	-30.5	14.95	20
317	#FFFFFF	#D3D3D3	-30.05	14.5	20
317	#FFFFFF	#D3D3D3	-30.5	14.05	20
317	#FFFFFF	#D3D3D3	-30.95	14.5	20
301	#FFFFFF	#D3D3D3	-30.45	15	20
301	#FFFFFF	#D3D3D3	-30	15.45	20
301	#FFFFFF	#D3D3D3	-29.55	15	20
301	#FFFFFF	#D3D3D3	-30	14.55	20
301	#FFFFFF	#D3D3D3	-30.45	15	20
280	#FFFFFF	#D3D3D3	-29.95	15.5	20
280	#FFFFFF	#D3D3D3	-29.5	15.95	20
280	#FFFFFF	#D3D3D3	-29.05	15.5	20
280	#FFFFFF	#D3D3D3	-29.5	15.05	20
280	#FFFFFF	#D3D3D3	-29.95	15.5	20
760	#E1699A	#383838	-44.45	0	8
760	#E1699A	#383838	-44	0.45	8
760	#E1699A	#383838	-43.55	0	8
760	#E1699A	#383838	-44	-0.45	8
760	#E1699A	#383838	-44.45	0	8
749	#E1699A	#383838	-43.95	0.5	8
749	#E1699A	#383838	-43.5	0.95	8
749	#E1699A	#383838	-43.05	0.5	8
749	#E1699A	#383838	-43.5	0.05	8
749	#E1699A	#383838	-43.95	0.5	8
738	#E1699A	#383838	-43.45	1	8
738	#E1699A	#383838	-43	1.45	8
738	#E1699A	#383838	-42.55	1	8
738	#E1699A	#383838	-43	0.55	8
738	#E1699A	#383838	-43.45	1	8
725	#FEF7F9	#CACACA	-42.95	1.5	16
725	#FEF7F9	#CACACA	-42.5	1.95	16
725	#FEF7F9	#CACACA	-42.05	1.5	16
725	#FEF7F9	#CACACA	-42.5	1.05	16
725	#FEF7F9	#CACACA	-42.95	1.5	16
717	#FEF7F9	#CACACA	-42.45	2	16
717	#FEF7F9	#CACACA	-42	2.45	16
717	#FEF7F9	#CACACA	-41.55	2	16
717	#FEF7F9	#CACACA	-42	1.55	16
717	#FEF7F9	#CACACA	-42.45	2	16
704	#FEF7F9	#CACACA	-41.95	2.5	16
704	#FEF7F9	#CACACA	-41.5	2.95	16
704	#FEF7F9	#CACACA	-41.05	2.5	16
704	#FEF7F9	#CACACA	-41.5	2.05	16
704	#FEF7F9	#CACACA	-41.95	2.5	16
692	#FFFFFF	#D3D3D3	-41.45	3	37
692	#FFFFFF	#D3D3D3	-41	3.45	37
692	#FFFFFF	#D3D3D3	-40.55	3	37
692	#FFFFFF	#D3D3D3	-41	2.55	37
692	#FFFFFF	#D3D3D3	-41.45	3	37
678	#FFFFFF	#D3D3D3	-40.95	3.5	37
678	#FFFFFF	#D3D3D3	-40.5	3.95	37
678	#FFFFFF	#D3D3D3	-40.05	3.5	37
678	#FFFFFF	#D3D3D3	-40.5	3.05	37
678	#FFFFFF	#D3D3D3	-40.95	3.5	37
665	#FFFFFF	#D3D3D3	-40.45	4	37
665	#FFFFFF	#D3D3D3	-40	4.45	37
665	#FFFFFF	#D3D3D3	-39.55	4	37
665	#FFFFFF	#D3D3D3	-40	3.55	37
665	#FFFFFF	#D3D3D3	-40.45	4	37
647	#FFFFFF	#D3D3D3	-39.95	4.5	37
647	#FFFFFF	#D3D3D3	-39.5	4.95	37
647	#FFFFFF	#D3D3D3	-39.05	4.5	37
647	#FFFFFF	#D3D3D3	-39.5	4.05	37
647	#FFFFFF	#D3D3D3	-39.95	4.5	37
632	#FFFFFF	#D3D3D3	-39.45	5	37
632	#FFFFFF	#D3D3D3	-39	5.45	37
632	#FFFFFF	#D3D3D3	-38.55	5	37
632	#FFFFFF	#D3D3D3	-39	4.55	37
632	#FFFFFF	#D3D3D3	-39.45	5	37
616	#FFFFFF	#D3D3D3	-38.95	5.5	37
616	#FFFFFF	#D3D3D3	-38.5	5.95	37
616	#FFFFFF	#D3D3D3	-38.05	5.5	37
616	#FFFFFF	#D3D3D3	-38.5	5.05	37
616	#FFFFFF	#D3D3D3	-38.95	5.5	37
601	#FFFFFF	#D3D3D3	-38.45	6	37
601	#FFFFFF	#D3D3D3	-38	6.45	37
601	#FFFFFF	#D3D3D3	-37.55	6	37
601	#FFFFFF	#D3D3D3	-38	5.55	37
601	#FFFFFF	#D3D3D3	-38.45	6	37
584	#FFFFFF	#D3D3D3	-37.95	6.5	37
584	#FFFFFF	#D3D3D3	-37.5	6.95	37
584	#FFFFFF	#D3D3D3	-37.05	6.5	37
584	#FFFFFF	#D3D3D3	-37.5	6.05	37
584	#FFFFFF	#D3D3D3	-37.95	6.5	37
568	#FFFFFF	#D3D3D3	-37.45	7	37
568	#FFFFFF	#D3D3D3	-37	7.45	37
568	#FFFFFF	#D3D3D3	-36.55	7	37
568	#FFFFFF	#D3D3D3	-37	6.55	37
568	#FFFFFF	#D3D3D3	-37.45	7	37
550	#FFFFFF	#D3D3D3	-36.95	7.5	38
550	#FFFFFF	#D3D3D3	-36.5	7.95	38
550	#FFFFFF	#D3D3D3	-36.05	7.5	38
550	#FFFFFF	#D3D3D3	-36.5	7.05	38
550	#FFFFFF	#D3D3D3	-36.95	7.5	38
533	#FFFFFF	#D3D3D3	-36.45	8	38
533	#FFFFFF	#D3D3D3	-36	8.45	38
533	#FFFFFF	#D3D3D3	-35.55	8	38
533	#FFFFFF	#D3D3D3	-36	7.55	38
533	#FFFFFF	#D3D3D3	-36.45	8	38
514	#FFFFFF	#D3D3D3	-35.95	8.5	10
514	#FFFFFF	#D3D3D3	-35.5	8.95	10
514	#FFFFFF	#D3D3D3	-35.05	8.5	10
514	#FFFFFF	#D3D3D3	-35.5	8.05	10
514	#FFFFFF	#D3D3D3	-35.95	8.5	10
496	#FFFFFF	#D3D3D3	-35.45	9	10
496	#FFFFFF	#D3D3D3	-35	9.45	10
496	#FFFFFF	#D3D3D3	-34.55	9	10
496	#FFFFFF	#D3D3D3	-35	8.55	10
496	#FFFFFF	#D3D3D3	-35.45	9	10
476	#FFFFFF	#D3D3D3	-34.95	9.5	10
476	#FFFFFF	#D3D3D3	-34.5	9.95	10
476	#FFFFFF	#D3D3D3	-34.05	9.5	10
476	#FFFFFF	#D3D3D3	-34.5	9.05	10
476	#FFFFFF	#D3D3D3	-34.95	9.5	10
439	#FFFFFF	#D3D3D3	-34.45	10	10
439	#FFFFFF	#D3D3D3	-34	10.45	10
439	#FFFFFF	#D3D3D3	-33.55	10	10
439	#FFFFFF	#D3D3D3	-34	9.55	10
439	#FFFFFF	#D3D3D3	-34.45	10	10
420	#FFFFFF	#D3D3D3	-33.95	10.5	10
420	#FFFFFF	#D3D3D3	-33.5	10.95	10
420	#FFFFFF	#D3D3D3	-33.05	10.5	10
420	#FFFFFF	#D3D3D3	-33.5	10.05	10
420	#FFFFFF	#D3D3D3	-33.95	10.5	10
402	#FFFFFF	#D3D3D3	-33.45	11	10
402	#FFFFFF	#D3D3D3	-33	11.45	10
402	#FFFFFF	#D3D3D3	-32.55	11	10
402	#FFFFFF	#D3D3D3	-33	10.55	10
402	#FFFFFF	#D3D3D3	-33.45	11	10
384	#FFFFFF	#D3D3D3	-32.95	11.5	10
384	#FFFFFF	#D3D3D3	-32.5	11.95	10
384	#FFFFFF	#D3D3D3	-32.05	11.5	10
384	#FFFFFF	#D3D3D3	-32.5	11.05	10
384	#FFFFFF	#D3D3D3	-32.95	11.5	10
367	#FFFFFF	#D3D3D3	-32.45	12	29
367	#FFFFFF	#D3D3D3	-32	12.45	29
367	#FFFFFF	#D3D3D3	-31.55	12	29
367	#FFFFFF	#D3D3D3	-32	11.55	29
367	#FFFFFF	#D3D3D3	-32.45	12	29
350	#FFFFFF	#D3D3D3	-31.95	12.5	10
350	#FFFFFF	#D3D3D3	-31.5	12.95	10
350	#FFFFFF	#D3D3D3	-31.05	12.5	10
350	#FFFFFF	#D3D3D3	-31.5	12.05	10
350	#FFFFFF	#D3D3D3	-31.95	12.5	10
333	#FFFFFF	#D3D3D3	-31.45	13	20
333	#FFFFFF	#D3D3D3	-31	13.45	20
333	#FFFFFF	#D3D3D3	-30.55	13	20
333	#FFFFFF	#D3D3D3	-31	12.55	20
333	#FFFFFF	#D3D3D3	-31.45	13	20
316	#FFFFFF	#D3D3D3	-30.95	13.5	20
316	#FFFFFF	#D3D3D3	-30.5	13.95	20
316	#FFFFFF	#D3D3D3	-30.05	13.5	20
316	#FFFFFF	#D3D3D3	-30.5	13.05	20
316	#FFFFFF	#D3D3D3	-30.95	13.5	20
300	#FFFFFF	#D3D3D3	-30.45	14	20
300	#FFFFFF	#D3D3D3	-30	14.45	20
300	#FFFFFF	#D3D3D3	-29.55	14	20
300	#FFFFFF	#D3D3D3	-30	13.55	20
300	#FFFFFF	#D3D3D3	-30.45	14	20
279	#FFFFFF	#D3D3D3	-29.95	14.5	20
279	#FFFFFF	#D3D3D3	-29.5	14.95	20
279	#FFFFFF	#D3D3D3	-29.05	14.5	20
279	#FFFFFF	#D3D3D3	-29.5	14.05	20
279	#FFFFFF	#D3D3D3	-29.95	14.5	20
264	#FFFFFF	#D3D3D3	-29.45	15	20
264	#FFFFFF	#D3D3D3	-29	15.45	20
264	#FFFFFF	#D3D3D3	-28.55	15	20
264	#FFFFFF	#D3D3D3	-29	14.55	20
264	#FFFFFF	#D3D3D3	-29.45	15	20
737	#E1699A	#383838	-43.45	0	8
737	#E1699A	#383838	-43	0.45	8
737	#E1699A	#383838	-42.55	0	8
737	#E1699A	#383838	-43	-0.45	8
737	#E1699A	#383838	-43.45	0	8
724	#E1699A	#383838	-42.95	0.5	8
724	#E1699A	#383838	-42.5	0.95	8
724	#E1699A	#383838	-42.05	0.5	8
724	#E1699A	#383838	-42.5	0.05	8
724	#E1699A	#383838	-42.95	0.5	8
712	#FEF7F9	#CACACA	-42.45	1	16
712	#FEF7F9	#CACACA	-42	1.45	16
712	#FEF7F9	#CACACA	-41.55	1	16
712	#FEF7F9	#CACACA	-42	0.55	16
712	#FEF7F9	#CACACA	-42.45	1	16
699	#FEF7F9	#CACACA	-41.95	1.5	16
699	#FEF7F9	#CACACA	-41.5	1.95	16
699	#FEF7F9	#CACACA	-41.05	1.5	16
699	#FEF7F9	#CACACA	-41.5	1.05	16
699	#FEF7F9	#CACACA	-41.95	1.5	16
691	#FEF7F9	#CACACA	-41.45	2	16
691	#FEF7F9	#CACACA	-41	2.45	16
691	#FEF7F9	#CACACA	-40.55	2	16
691	#FEF7F9	#CACACA	-41	1.55	16
691	#FEF7F9	#CACACA	-41.45	2	16
677	#FEF7F9	#CACACA	-40.95	2.5	16
677	#FEF7F9	#CACACA	-40.5	2.95	16
677	#FEF7F9	#CACACA	-40.05	2.5	16
677	#FEF7F9	#CACACA	-40.5	2.05	16
677	#FEF7F9	#CACACA	-40.95	2.5	16
664	#FEF7F9	#CACACA	-40.45	3	16
664	#FEF7F9	#CACACA	-40	3.45	16
664	#FEF7F9	#CACACA	-39.55	3	16
664	#FEF7F9	#CACACA	-40	2.55	16
664	#FEF7F9	#CACACA	-40.45	3	16
646	#FEF7F9	#CACACA	-39.95	3.5	16
646	#FEF7F9	#CACACA	-39.5	3.95	16
646	#FEF7F9	#CACACA	-39.05	3.5	16
646	#FEF7F9	#CACACA	-39.5	3.05	16
646	#FEF7F9	#CACACA	-39.95	3.5	16
631	#FEF7F9	#CACACA	-39.45	4	16
631	#FEF7F9	#CACACA	-39	4.45	16
631	#FEF7F9	#CACACA	-38.55	4	16
631	#FEF7F9	#CACACA	-39	3.55	16
631	#FEF7F9	#CACACA	-39.45	4	16
615	#FEF7F9	#CACACA	-38.95	4.5	16
615	#FEF7F9	#CACACA	-38.5	4.95	16
615	#FEF7F9	#CACACA	-38.05	4.5	16
615	#FEF7F9	#CACACA	-38.5	4.05	16
615	#FEF7F9	#CACACA	-38.95	4.5	16
600	#FFFFFF	#D3D3D3	-38.45	5	37
600	#FFFFFF	#D3D3D3	-38	5.45	37
600	#FFFFFF	#D3D3D3	-37.55	5	37
600	#FFFFFF	#D3D3D3	-38	4.55	37
600	#FFFFFF	#D3D3D3	-38.45	5	37
583	#FFFFFF	#D3D3D3	-37.95	5.5	37
583	#FFFFFF	#D3D3D3	-37.5	5.95	37
583	#FFFFFF	#D3D3D3	-37.05	5.5	37
583	#FFFFFF	#D3D3D3	-37.5	5.05	37
583	#FFFFFF	#D3D3D3	-37.95	5.5	37
567	#FFFFFF	#D3D3D3	-37.45	6	37
567	#FFFFFF	#D3D3D3	-37	6.45	37
567	#FFFFFF	#D3D3D3	-36.55	6	37
567	#FFFFFF	#D3D3D3	-37	5.55	37
567	#FFFFFF	#D3D3D3	-37.45	6	37
549	#FFFFFF	#D3D3D3	-36.95	6.5	37
549	#FFFFFF	#D3D3D3	-36.5	6.95	37
549	#FFFFFF	#D3D3D3	-36.05	6.5	37
549	#FFFFFF	#D3D3D3	-36.5	6.05	37
549	#FFFFFF	#D3D3D3	-36.95	6.5	37
532	#FFFFFF	#D3D3D3	-36.45	7	37
532	#FFFFFF	#D3D3D3	-36	7.45	37
532	#FFFFFF	#D3D3D3	-35.55	7	37
532	#FFFFFF	#D3D3D3	-36	6.55	37
532	#FFFFFF	#D3D3D3	-36.45	7	37
513	#FFFFFF	#D3D3D3	-35.95	7.5	38
513	#FFFFFF	#D3D3D3	-35.5	7.95	38
513	#FFFFFF	#D3D3D3	-35.05	7.5	38
513	#FFFFFF	#D3D3D3	-35.5	7.05	38
513	#FFFFFF	#D3D3D3	-35.95	7.5	38
495	#FFFFFF	#D3D3D3	-35.45	8	10
495	#FFFFFF	#D3D3D3	-35	8.45	10
495	#FFFFFF	#D3D3D3	-34.55	8	10
495	#FFFFFF	#D3D3D3	-35	7.55	10
495	#FFFFFF	#D3D3D3	-35.45	8	10
475	#FFFFFF	#D3D3D3	-34.95	8.5	10
475	#FFFFFF	#D3D3D3	-34.5	8.95	10
475	#FFFFFF	#D3D3D3	-34.05	8.5	10
475	#FFFFFF	#D3D3D3	-34.5	8.05	10
475	#FFFFFF	#D3D3D3	-34.95	8.5	10
456	#FFFFFF	#D3D3D3	-34.45	9	10
456	#FFFFFF	#D3D3D3	-34	9.45	10
456	#FFFFFF	#D3D3D3	-33.55	9	10
456	#FFFFFF	#D3D3D3	-34	8.55	10
456	#FFFFFF	#D3D3D3	-34.45	9	10
436	#FFFFFF	#D3D3D3	-33.95	9.5	10
436	#FFFFFF	#D3D3D3	-33.5	9.95	10
436	#FFFFFF	#D3D3D3	-33.05	9.5	10
436	#FFFFFF	#D3D3D3	-33.5	9.05	10
436	#FFFFFF	#D3D3D3	-33.95	9.5	10
401	#FFFFFF	#D3D3D3	-33.45	10	10
401	#FFFFFF	#D3D3D3	-33	10.45	10
401	#FFFFFF	#D3D3D3	-32.55	10	10
401	#FFFFFF	#D3D3D3	-33	9.55	10
401	#FFFFFF	#D3D3D3	-33.45	10	10
383	#FFFFFF	#D3D3D3	-32.95	10.5	10
383	#FFFFFF	#D3D3D3	-32.5	10.95	10
383	#FFFFFF	#D3D3D3	-32.05	10.5	10
383	#FFFFFF	#D3D3D3	-32.5	10.05	10
383	#FFFFFF	#D3D3D3	-32.95	10.5	10
366	#FFFFFF	#D3D3D3	-32.45	11	29
366	#FFFFFF	#D3D3D3	-32	11.45	29
366	#FFFFFF	#D3D3D3	-31.55	11	29
366	#FFFFFF	#D3D3D3	-32	10.55	29
366	#FFFFFF	#D3D3D3	-32.45	11	29
349	#FFFFFF	#D3D3D3	-31.95	11.5	29
349	#FFFFFF	#D3D3D3	-31.5	11.95	29
349	#FFFFFF	#D3D3D3	-31.05	11.5	29
349	#FFFFFF	#D3D3D3	-31.5	11.05	29
349	#FFFFFF	#D3D3D3	-31.95	11.5	29
332	#FFFFFF	#D3D3D3	-31.45	12	10
332	#FFFFFF	#D3D3D3	-31	12.45	10
332	#FFFFFF	#D3D3D3	-30.55	12	10
332	#FFFFFF	#D3D3D3	-31	11.55	10
332	#FFFFFF	#D3D3D3	-31.45	12	10
315	#FFFFFF	#D3D3D3	-30.95	12.5	20
315	#FFFFFF	#D3D3D3	-30.5	12.95	20
315	#FFFFFF	#D3D3D3	-30.05	12.5	20
315	#FFFFFF	#D3D3D3	-30.5	12.05	20
315	#FFFFFF	#D3D3D3	-30.95	12.5	20
299	#FFFFFF	#D3D3D3	-30.45	13	20
299	#FFFFFF	#D3D3D3	-30	13.45	20
299	#FFFFFF	#D3D3D3	-29.55	13	20
299	#FFFFFF	#D3D3D3	-30	12.55	20
299	#FFFFFF	#D3D3D3	-30.45	13	20
278	#FFFFFF	#D3D3D3	-29.95	13.5	20
278	#FFFFFF	#D3D3D3	-29.5	13.95	20
278	#FFFFFF	#D3D3D3	-29.05	13.5	20
278	#FFFFFF	#D3D3D3	-29.5	13.05	20
278	#FFFFFF	#D3D3D3	-29.95	13.5	20
263	#FFFFFF	#D3D3D3	-29.45	14	20
263	#FFFFFF	#D3D3D3	-29	14.45	20
263	#FFFFFF	#D3D3D3	-28.55	14	20
263	#FFFFFF	#D3D3D3	-29	13.55	20
263	#FFFFFF	#D3D3D3	-29.45	14	20
248	#FFFFFF	#D3D3D3	-28.95	14.5	20
248	#FFFFFF	#D3D3D3	-28.5	14.95	20
248	#FFFFFF	#D3D3D3	-28.05	14.5	20
248	#FFFFFF	#D3D3D3	-28.5	14.05	20
248	#FFFFFF	#D3D3D3	-28.95	14.5	20
711	#E1699A	#383838	-42.45	0	8
711	#E1699A	#383838	-42	0.45	8
711	#E1699A	#383838	-41.55	0	8
711	#E1699A	#383838	-42	-0.45	8
711	#E1699A	#383838	-42.45	0	8
698	#E1699A	#383838	-41.95	0.5	8
698	#E1699A	#383838	-41.5	0.95	8
698	#E1699A	#383838	-41.05	0.5	8
698	#E1699A	#383838	-41.5	0.05	8
698	#E1699A	#383838	-41.95	0.5	8
685	#E1699A	#383838	-41.45	1	8
685	#E1699A	#383838	-41	1.45	8
685	#E1699A	#383838	-40.55	1	8
685	#E1699A	#383838	-41	0.55	8
685	#E1699A	#383838	-41.45	1	8
671	#FFFFFF	#D3D3D3	-40.95	1.5	15
671	#FFFFFF	#D3D3D3	-40.5	1.95	15
671	#FFFFFF	#D3D3D3	-40.05	1.5	15
671	#FFFFFF	#D3D3D3	-40.5	1.05	15
671	#FFFFFF	#D3D3D3	-40.95	1.5	15
663	#FFFFFF	#D3D3D3	-40.45	2	15
663	#FFFFFF	#D3D3D3	-40	2.45	15
663	#FFFFFF	#D3D3D3	-39.55	2	15
663	#FFFFFF	#D3D3D3	-40	1.55	15
663	#FFFFFF	#D3D3D3	-40.45	2	15
645	#FEF7F9	#CACACA	-39.95	2.5	16
645	#FEF7F9	#CACACA	-39.5	2.95	16
645	#FEF7F9	#CACACA	-39.05	2.5	16
645	#FEF7F9	#CACACA	-39.5	2.05	16
645	#FEF7F9	#CACACA	-39.95	2.5	16
630	#FEF7F9	#CACACA	-39.45	3	16
630	#FEF7F9	#CACACA	-39	3.45	16
630	#FEF7F9	#CACACA	-38.55	3	16
630	#FEF7F9	#CACACA	-39	2.55	16
630	#FEF7F9	#CACACA	-39.45	3	16
614	#FEF7F9	#CACACA	-38.95	3.5	16
614	#FEF7F9	#CACACA	-38.5	3.95	16
614	#FEF7F9	#CACACA	-38.05	3.5	16
614	#FEF7F9	#CACACA	-38.5	3.05	16
614	#FEF7F9	#CACACA	-38.95	3.5	16
599	#FEF7F9	#CACACA	-38.45	4	16
599	#FEF7F9	#CACACA	-38	4.45	16
599	#FEF7F9	#CACACA	-37.55	4	16
599	#FEF7F9	#CACACA	-38	3.55	16
599	#FEF7F9	#CACACA	-38.45	4	16
582	#FFFFFF	#D3D3D3	-37.95	4.5	37
582	#FFFFFF	#D3D3D3	-37.5	4.95	37
582	#FFFFFF	#D3D3D3	-37.05	4.5	37
582	#FFFFFF	#D3D3D3	-37.5	4.05	37
582	#FFFFFF	#D3D3D3	-37.95	4.5	37
566	#FFFFFF	#D3D3D3	-37.45	5	37
566	#FFFFFF	#D3D3D3	-37	5.45	37
566	#FFFFFF	#D3D3D3	-36.55	5	37
566	#FFFFFF	#D3D3D3	-37	4.55	37
566	#FFFFFF	#D3D3D3	-37.45	5	37
548	#FFFFFF	#D3D3D3	-36.95	5.5	37
548	#FFFFFF	#D3D3D3	-36.5	5.95	37
548	#FFFFFF	#D3D3D3	-36.05	5.5	37
548	#FFFFFF	#D3D3D3	-36.5	5.05	37
548	#FFFFFF	#D3D3D3	-36.95	5.5	37
531	#FFFFFF	#D3D3D3	-36.45	6	37
531	#FFFFFF	#D3D3D3	-36	6.45	37
531	#FFFFFF	#D3D3D3	-35.55	6	37
531	#FFFFFF	#D3D3D3	-36	5.55	37
531	#FFFFFF	#D3D3D3	-36.45	6	37
512	#FFFFFF	#D3D3D3	-35.95	6.5	37
512	#FFFFFF	#D3D3D3	-35.5	6.95	37
512	#FFFFFF	#D3D3D3	-35.05	6.5	37
512	#FFFFFF	#D3D3D3	-35.5	6.05	37
512	#FFFFFF	#D3D3D3	-35.95	6.5	37
494	#FFFFFF	#D3D3D3	-35.45	7	38
494	#FFFFFF	#D3D3D3	-35	7.45	38
494	#FFFFFF	#D3D3D3	-34.55	7	38
494	#FFFFFF	#D3D3D3	-35	6.55	38
494	#FFFFFF	#D3D3D3	-35.45	7	38
474	#FFFFFF	#D3D3D3	-34.95	7.5	10
474	#FFFFFF	#D3D3D3	-34.5	7.95	10
474	#FFFFFF	#D3D3D3	-34.05	7.5	10
474	#FFFFFF	#D3D3D3	-34.5	7.05	10
474	#FFFFFF	#D3D3D3	-34.95	7.5	10
455	#FFFFFF	#D3D3D3	-34.45	8	10
455	#FFFFFF	#D3D3D3	-34	8.45	10
455	#FFFFFF	#D3D3D3	-33.55	8	10
455	#FFFFFF	#D3D3D3	-34	7.55	10
455	#FFFFFF	#D3D3D3	-34.45	8	10
435	#FFFFFF	#D3D3D3	-33.95	8.5	10
435	#FFFFFF	#D3D3D3	-33.5	8.95	10
435	#FFFFFF	#D3D3D3	-33.05	8.5	10
435	#FFFFFF	#D3D3D3	-33.5	8.05	10
435	#FFFFFF	#D3D3D3	-33.95	8.5	10
417	#FFFFFF	#D3D3D3	-33.45	9	10
417	#FFFFFF	#D3D3D3	-33	9.45	10
417	#FFFFFF	#D3D3D3	-32.55	9	10
417	#FFFFFF	#D3D3D3	-33	8.55	10
417	#FFFFFF	#D3D3D3	-33.45	9	10
398	#FFFFFF	#D3D3D3	-32.95	9.5	10
398	#FFFFFF	#D3D3D3	-32.5	9.95	10
398	#FFFFFF	#D3D3D3	-32.05	9.5	10
398	#FFFFFF	#D3D3D3	-32.5	9.05	10
398	#FFFFFF	#D3D3D3	-32.95	9.5	10
365	#FFFFFF	#D3D3D3	-32.45	10	10
365	#FFFFFF	#D3D3D3	-32	10.45	10
365	#FFFFFF	#D3D3D3	-31.55	10	10
365	#FFFFFF	#D3D3D3	-32	9.55	10
365	#FFFFFF	#D3D3D3	-32.45	10	10
348	#FFFFFF	#D3D3D3	-31.95	10.5	10
348	#FFFFFF	#D3D3D3	-31.5	10.95	10
348	#FFFFFF	#D3D3D3	-31.05	10.5	10
348	#FFFFFF	#D3D3D3	-31.5	10.05	10
348	#FFFFFF	#D3D3D3	-31.95	10.5	10
331	#FFFFFF	#D3D3D3	-31.45	11	29
331	#FFFFFF	#D3D3D3	-31	11.45	29
331	#FFFFFF	#D3D3D3	-30.55	11	29
331	#FFFFFF	#D3D3D3	-31	10.55	29
331	#FFFFFF	#D3D3D3	-31.45	11	29
314	#FFFFFF	#D3D3D3	-30.95	11.5	10
314	#FFFFFF	#D3D3D3	-30.5	11.95	10
314	#FFFFFF	#D3D3D3	-30.05	11.5	10
314	#FFFFFF	#D3D3D3	-30.5	11.05	10
314	#FFFFFF	#D3D3D3	-30.95	11.5	10
298	#FFFFFF	#D3D3D3	-30.45	12	20
298	#FFFFFF	#D3D3D3	-30	12.45	20
298	#FFFFFF	#D3D3D3	-29.55	12	20
298	#FFFFFF	#D3D3D3	-30	11.55	20
298	#FFFFFF	#D3D3D3	-30.45	12	20
277	#FFFFFF	#D3D3D3	-29.95	12.5	26
277	#FFFFFF	#D3D3D3	-29.5	12.95	26
277	#FFFFFF	#D3D3D3	-29.05	12.5	26
277	#FFFFFF	#D3D3D3	-29.5	12.05	26
277	#FFFFFF	#D3D3D3	-29.95	12.5	26
262	#FFFFFF	#D3D3D3	-29.45	13	20
262	#FFFFFF	#D3D3D3	-29	13.45	20
262	#FFFFFF	#D3D3D3	-28.55	13	20
262	#FFFFFF	#D3D3D3	-29	12.55	20
262	#FFFFFF	#D3D3D3	-29.45	13	20
247	#FFFFFF	#D3D3D3	-28.95	13.5	20
247	#FFFFFF	#D3D3D3	-28.5	13.95	20
247	#FFFFFF	#D3D3D3	-28.05	13.5	20
247	#FFFFFF	#D3D3D3	-28.5	13.05	20
247	#FFFFFF	#D3D3D3	-28.95	13.5	20
233	#FFFFFF	#D3D3D3	-28.45	14	20
233	#FFFFFF	#D3D3D3	-28	14.45	20
233	#FFFFFF	#D3D3D3	-27.55	14	20
233	#FFFFFF	#D3D3D3	-28	13.55	20
233	#FFFFFF	#D3D3D3	-28.45	14	20
684	#E1699A	#383838	-41.45	0	8
684	#E1699A	#383838	-41	0.45	8
684	#E1699A	#383838	-40.55	0	8
684	#E1699A	#383838	-41	-0.45	8
684	#E1699A	#383838	-41.45	0	8
670	#E1699A	#383838	-40.95	0.5	8
670	#E1699A	#383838	-40.5	0.95	8
670	#E1699A	#383838	-40.05	0.5	8
670	#E1699A	#383838	-40.5	0.05	8
670	#E1699A	#383838	-40.95	0.5	8
656	#FFFFFF	#D3D3D3	-40.45	1	15
656	#FFFFFF	#D3D3D3	-40	1.45	15
656	#FFFFFF	#D3D3D3	-39.55	1	15
656	#FFFFFF	#D3D3D3	-40	0.55	15
656	#FFFFFF	#D3D3D3	-40.45	1	15
638	#FFFFFF	#D3D3D3	-39.95	1.5	15
638	#FFFFFF	#D3D3D3	-39.5	1.95	15
638	#FFFFFF	#D3D3D3	-39.05	1.5	15
638	#FFFFFF	#D3D3D3	-39.5	1.05	15
638	#FFFFFF	#D3D3D3	-39.95	1.5	15
629	#FEF7F9	#CACACA	-39.45	2	16
629	#FEF7F9	#CACACA	-39	2.45	16
629	#FEF7F9	#CACACA	-38.55	2	16
629	#FEF7F9	#CACACA	-39	1.55	16
629	#FEF7F9	#CACACA	-39.45	2	16
613	#FEF7F9	#CACACA	-38.95	2.5	16
613	#FEF7F9	#CACACA	-38.5	2.95	16
613	#FEF7F9	#CACACA	-38.05	2.5	16
613	#FEF7F9	#CACACA	-38.5	2.05	16
613	#FEF7F9	#CACACA	-38.95	2.5	16
598	#FEF7F9	#CACACA	-38.45	3	16
598	#FEF7F9	#CACACA	-38	3.45	16
598	#FEF7F9	#CACACA	-37.55	3	16
598	#FEF7F9	#CACACA	-38	2.55	16
598	#FEF7F9	#CACACA	-38.45	3	16
581	#FEF7F9	#CACACA	-37.95	3.5	16
581	#FEF7F9	#CACACA	-37.5	3.95	16
581	#FEF7F9	#CACACA	-37.05	3.5	16
581	#FEF7F9	#CACACA	-37.5	3.05	16
581	#FEF7F9	#CACACA	-37.95	3.5	16
565	#FFFFFF	#D3D3D3	-37.45	4	37
565	#FFFFFF	#D3D3D3	-37	4.45	37
565	#FFFFFF	#D3D3D3	-36.55	4	37
565	#FFFFFF	#D3D3D3	-37	3.55	37
565	#FFFFFF	#D3D3D3	-37.45	4	37
547	#FFFFFF	#D3D3D3	-36.95	4.5	37
547	#FFFFFF	#D3D3D3	-36.5	4.95	37
547	#FFFFFF	#D3D3D3	-36.05	4.5	37
547	#FFFFFF	#D3D3D3	-36.5	4.05	37
547	#FFFFFF	#D3D3D3	-36.95	4.5	37
530	#FFFFFF	#D3D3D3	-36.45	5	37
530	#FFFFFF	#D3D3D3	-36	5.45	37
530	#FFFFFF	#D3D3D3	-35.55	5	37
530	#FFFFFF	#D3D3D3	-36	4.55	37
530	#FFFFFF	#D3D3D3	-36.45	5	37
511	#FFFFFF	#D3D3D3	-35.95	5.5	37
511	#FFFFFF	#D3D3D3	-35.5	5.95	37
511	#FFFFFF	#D3D3D3	-35.05	5.5	37
511	#FFFFFF	#D3D3D3	-35.5	5.05	37
511	#FFFFFF	#D3D3D3	-35.95	5.5	37
493	#FFFFFF	#D3D3D3	-35.45	6	37
493	#FFFFFF	#D3D3D3	-35	6.45	37
493	#FFFFFF	#D3D3D3	-34.55	6	37
493	#FFFFFF	#D3D3D3	-35	5.55	37
493	#FFFFFF	#D3D3D3	-35.45	6	37
473	#FFFFFF	#D3D3D3	-34.95	6.5	38
473	#FFFFFF	#D3D3D3	-34.5	6.95	38
473	#FFFFFF	#D3D3D3	-34.05	6.5	38
473	#FFFFFF	#D3D3D3	-34.5	6.05	38
473	#FFFFFF	#D3D3D3	-34.95	6.5	38
454	#FFFFFF	#D3D3D3	-34.45	7	10
454	#FFFFFF	#D3D3D3	-34	7.45	10
454	#FFFFFF	#D3D3D3	-33.55	7	10
454	#FFFFFF	#D3D3D3	-34	6.55	10
454	#FFFFFF	#D3D3D3	-34.45	7	10
434	#FFFFFF	#D3D3D3	-33.95	7.5	10
434	#FFFFFF	#D3D3D3	-33.5	7.95	10
434	#FFFFFF	#D3D3D3	-33.05	7.5	10
434	#FFFFFF	#D3D3D3	-33.5	7.05	10
434	#FFFFFF	#D3D3D3	-33.95	7.5	10
416	#FFFFFF	#D3D3D3	-33.45	8	10
416	#FFFFFF	#D3D3D3	-33	8.45	10
416	#FFFFFF	#D3D3D3	-32.55	8	10
416	#FFFFFF	#D3D3D3	-33	7.55	10
416	#FFFFFF	#D3D3D3	-33.45	8	10
397	#FFFFFF	#D3D3D3	-32.95	8.5	10
397	#FFFFFF	#D3D3D3	-32.5	8.95	10
397	#FFFFFF	#D3D3D3	-32.05	8.5	10
397	#FFFFFF	#D3D3D3	-32.5	8.05	10
397	#FFFFFF	#D3D3D3	-32.95	8.5	10
380	#FFFFFF	#D3D3D3	-32.45	9	10
380	#FFFFFF	#D3D3D3	-32	9.45	10
380	#FFFFFF	#D3D3D3	-31.55	9	10
380	#FFFFFF	#D3D3D3	-32	8.55	10
380	#FFFFFF	#D3D3D3	-32.45	9	10
362	#FFFFFF	#D3D3D3	-31.95	9.5	10
362	#FFFFFF	#D3D3D3	-31.5	9.95	10
362	#FFFFFF	#D3D3D3	-31.05	9.5	10
362	#FFFFFF	#D3D3D3	-31.5	9.05	10
362	#FFFFFF	#D3D3D3	-31.95	9.5	10
330	#FFFFFF	#D3D3D3	-31.45	10	10
330	#FFFFFF	#D3D3D3	-31	10.45	10
330	#FFFFFF	#D3D3D3	-30.55	10	10
330	#FFFFFF	#D3D3D3	-31	9.55	10
330	#FFFFFF	#D3D3D3	-31.45	10	10
313	#FFFFFF	#D3D3D3	-30.95	10.5	29
313	#FFFFFF	#D3D3D3	-30.5	10.95	29
313	#FFFFFF	#D3D3D3	-30.05	10.5	29
313	#FFFFFF	#D3D3D3	-30.5	10.05	29
313	#FFFFFF	#D3D3D3	-30.95	10.5	29
297	#FFFFFF	#D3D3D3	-30.45	11	10
297	#FFFFFF	#D3D3D3	-30	11.45	10
297	#FFFFFF	#D3D3D3	-29.55	11	10
297	#FFFFFF	#D3D3D3	-30	10.55	10
297	#FFFFFF	#D3D3D3	-30.45	11	10
276	#FFFFFF	#D3D3D3	-29.95	11.5	20
276	#FFFFFF	#D3D3D3	-29.5	11.95	20
276	#FFFFFF	#D3D3D3	-29.05	11.5	20
276	#FFFFFF	#D3D3D3	-29.5	11.05	20
276	#FFFFFF	#D3D3D3	-29.95	11.5	20
261	#FFFFFF	#D3D3D3	-29.45	12	26
261	#FFFFFF	#D3D3D3	-29	12.45	26
261	#FFFFFF	#D3D3D3	-28.55	12	26
261	#FFFFFF	#D3D3D3	-29	11.55	26
261	#FFFFFF	#D3D3D3	-29.45	12	26
246	#FFFFFF	#D3D3D3	-28.95	12.5	20
246	#FFFFFF	#D3D3D3	-28.5	12.95	20
246	#FFFFFF	#D3D3D3	-28.05	12.5	20
246	#FFFFFF	#D3D3D3	-28.5	12.05	20
246	#FFFFFF	#D3D3D3	-28.95	12.5	20
232	#FFFFFF	#D3D3D3	-28.45	13	20
232	#FFFFFF	#D3D3D3	-28	13.45	20
232	#FFFFFF	#D3D3D3	-27.55	13	20
232	#FFFFFF	#D3D3D3	-28	12.55	20
232	#FFFFFF	#D3D3D3	-28.45	13	20
218	#FFFFFF	#D3D3D3	-27.95	13.5	20
218	#FFFFFF	#D3D3D3	-27.5	13.95	20
218	#FFFFFF	#D3D3D3	-27.05	13.5	20
218	#FFFFFF	#D3D3D3	-27.5	13.05	20
218	#FFFFFF	#D3D3D3	-27.95	13.5	20
655	#E1699A	#383838	-40.45	0	8
655	#E1699A	#383838	-40	0.45	8
655	#E1699A	#383838	-39.55	0	8
655	#E1699A	#383838	-40	-0.45	8
655	#E1699A	#383838	-40.45	0	8
637	#FFFFFF	#D3D3D3	-39.95	0.5	15
637	#FFFFFF	#D3D3D3	-39.5	0.95	15
637	#FFFFFF	#D3D3D3	-39.05	0.5	15
637	#FFFFFF	#D3D3D3	-39.5	0.05	15
637	#FFFFFF	#D3D3D3	-39.95	0.5	15
622	#FFFFFF	#D3D3D3	-39.45	1	15
622	#FFFFFF	#D3D3D3	-39	1.45	15
622	#FFFFFF	#D3D3D3	-38.55	1	15
622	#FFFFFF	#D3D3D3	-39	0.55	15
622	#FFFFFF	#D3D3D3	-39.45	1	15
606	#FEF7F9	#CACACA	-38.95	1.5	16
606	#FEF7F9	#CACACA	-38.5	1.95	16
606	#FEF7F9	#CACACA	-38.05	1.5	16
606	#FEF7F9	#CACACA	-38.5	1.05	16
606	#FEF7F9	#CACACA	-38.95	1.5	16
597	#FEF7F9	#CACACA	-38.45	2	16
597	#FEF7F9	#CACACA	-38	2.45	16
597	#FEF7F9	#CACACA	-37.55	2	16
597	#FEF7F9	#CACACA	-38	1.55	16
597	#FEF7F9	#CACACA	-38.45	2	16
580	#FEF7F9	#CACACA	-37.95	2.5	16
580	#FEF7F9	#CACACA	-37.5	2.95	16
580	#FEF7F9	#CACACA	-37.05	2.5	16
580	#FEF7F9	#CACACA	-37.5	2.05	16
580	#FEF7F9	#CACACA	-37.95	2.5	16
564	#FEF7F9	#CACACA	-37.45	3	16
564	#FEF7F9	#CACACA	-37	3.45	16
564	#FEF7F9	#CACACA	-36.55	3	16
564	#FEF7F9	#CACACA	-37	2.55	16
564	#FEF7F9	#CACACA	-37.45	3	16
546	#FEF7F9	#CACACA	-36.95	3.5	16
546	#FEF7F9	#CACACA	-36.5	3.95	16
546	#FEF7F9	#CACACA	-36.05	3.5	16
546	#FEF7F9	#CACACA	-36.5	3.05	16
546	#FEF7F9	#CACACA	-36.95	3.5	16
529	#FFFFFF	#D3D3D3	-36.45	4	37
529	#FFFFFF	#D3D3D3	-36	4.45	37
529	#FFFFFF	#D3D3D3	-35.55	4	37
529	#FFFFFF	#D3D3D3	-36	3.55	37
529	#FFFFFF	#D3D3D3	-36.45	4	37
510	#FFFFFF	#D3D3D3	-35.95	4.5	37
510	#FFFFFF	#D3D3D3	-35.5	4.95	37
510	#FFFFFF	#D3D3D3	-35.05	4.5	37
510	#FFFFFF	#D3D3D3	-35.5	4.05	37
510	#FFFFFF	#D3D3D3	-35.95	4.5	37
492	#FFFFFF	#D3D3D3	-35.45	5	37
492	#FFFFFF	#D3D3D3	-35	5.45	37
492	#FFFFFF	#D3D3D3	-34.55	5	37
492	#FFFFFF	#D3D3D3	-35	4.55	37
492	#FFFFFF	#D3D3D3	-35.45	5	37
472	#FFFFFF	#D3D3D3	-34.95	5.5	37
472	#FFFFFF	#D3D3D3	-34.5	5.95	37
472	#FFFFFF	#D3D3D3	-34.05	5.5	37
472	#FFFFFF	#D3D3D3	-34.5	5.05	37
472	#FFFFFF	#D3D3D3	-34.95	5.5	37
453	#FFFFFF	#D3D3D3	-34.45	6	38
453	#FFFFFF	#D3D3D3	-34	6.45	38
453	#FFFFFF	#D3D3D3	-33.55	6	38
453	#FFFFFF	#D3D3D3	-34	5.55	38
453	#FFFFFF	#D3D3D3	-34.45	6	38
433	#FFFFFF	#D3D3D3	-33.95	6.5	10
433	#FFFFFF	#D3D3D3	-33.5	6.95	10
433	#FFFFFF	#D3D3D3	-33.05	6.5	10
433	#FFFFFF	#D3D3D3	-33.5	6.05	10
433	#FFFFFF	#D3D3D3	-33.95	6.5	10
415	#FFFFFF	#D3D3D3	-33.45	7	10
415	#FFFFFF	#D3D3D3	-33	7.45	10
415	#FFFFFF	#D3D3D3	-32.55	7	10
415	#FFFFFF	#D3D3D3	-33	6.55	10
415	#FFFFFF	#D3D3D3	-33.45	7	10
396	#FFFFFF	#D3D3D3	-32.95	7.5	10
396	#FFFFFF	#D3D3D3	-32.5	7.95	10
396	#FFFFFF	#D3D3D3	-32.05	7.5	10
396	#FFFFFF	#D3D3D3	-32.5	7.05	10
396	#FFFFFF	#D3D3D3	-32.95	7.5	10
379	#FFFFFF	#D3D3D3	-32.45	8	10
379	#FFFFFF	#D3D3D3	-32	8.45	10
379	#FFFFFF	#D3D3D3	-31.55	8	10
379	#FFFFFF	#D3D3D3	-32	7.55	10
379	#FFFFFF	#D3D3D3	-32.45	8	10
361	#FFFFFF	#D3D3D3	-31.95	8.5	10
361	#FFFFFF	#D3D3D3	-31.5	8.95	10
361	#FFFFFF	#D3D3D3	-31.05	8.5	10
361	#FFFFFF	#D3D3D3	-31.5	8.05	10
361	#FFFFFF	#D3D3D3	-31.95	8.5	10
345	#FFFFFF	#D3D3D3	-31.45	9	10
345	#FFFFFF	#D3D3D3	-31	9.45	10
345	#FFFFFF	#D3D3D3	-30.55	9	10
345	#FFFFFF	#D3D3D3	-31	8.55	10
345	#FFFFFF	#D3D3D3	-31.45	9	10
327	#FFFFFF	#D3D3D3	-30.95	9.5	10
327	#FFFFFF	#D3D3D3	-30.5	9.95	10
327	#FFFFFF	#D3D3D3	-30.05	9.5	10
327	#FFFFFF	#D3D3D3	-30.5	9.05	10
327	#FFFFFF	#D3D3D3	-30.95	9.5	10
296	#FFFFFF	#D3D3D3	-30.45	10	29
296	#FFFFFF	#D3D3D3	-30	10.45	29
296	#FFFFFF	#D3D3D3	-29.55	10	29
296	#FFFFFF	#D3D3D3	-30	9.55	29
296	#FFFFFF	#D3D3D3	-30.45	10	29
275	#FFFFFF	#D3D3D3	-29.95	10.5	10
275	#FFFFFF	#D3D3D3	-29.5	10.95	10
275	#FFFFFF	#D3D3D3	-29.05	10.5	10
275	#FFFFFF	#D3D3D3	-29.5	10.05	10
275	#FFFFFF	#D3D3D3	-29.95	10.5	10
260	#FFFFFF	#D3D3D3	-29.45	11	20
260	#FFFFFF	#D3D3D3	-29	11.45	20
260	#FFFFFF	#D3D3D3	-28.55	11	20
260	#FFFFFF	#D3D3D3	-29	10.55	20
260	#FFFFFF	#D3D3D3	-29.45	11	20
245	#FFFFFF	#D3D3D3	-28.95	11.5	26
245	#FFFFFF	#D3D3D3	-28.5	11.95	26
245	#FFFFFF	#D3D3D3	-28.05	11.5	26
245	#FFFFFF	#D3D3D3	-28.5	11.05	26
245	#FFFFFF	#D3D3D3	-28.95	11.5	26
231	#FFFFFF	#D3D3D3	-28.45	12	20
231	#FFFFFF	#D3D3D3	-28	12.45	20
231	#FFFFFF	#D3D3D3	-27.55	12	20
231	#FFFFFF	#D3D3D3	-28	11.55	20
231	#FFFFFF	#D3D3D3	-28.45	12	20
217	#FFFFFF	#D3D3D3	-27.95	12.5	20
217	#FFFFFF	#D3D3D3	-27.5	12.95	20
217	#FFFFFF	#D3D3D3	-27.05	12.5	20
217	#FFFFFF	#D3D3D3	-27.5	12.05	20
217	#FFFFFF	#D3D3D3	-27.95	12.5	20
204	#FFFFFF	#D3D3D3	-27.45	13	20
204	#FFFFFF	#D3D3D3	-27	13.45	20
204	#FFFFFF	#D3D3D3	-26.55	13	20
204	#FFFFFF	#D3D3D3	-27	12.55	20
204	#FFFFFF	#D3D3D3	-27.45	13	20
621	#FFFFFF	#D3D3D3	-39.45	0	15
621	#FFFFFF	#D3D3D3	-39	0.45	15
621	#FFFFFF	#D3D3D3	-38.55	0	15
621	#FFFFFF	#D3D3D3	-39	-0.45	15
621	#FFFFFF	#D3D3D3	-39.45	0	15
605	#FFFFFF	#D3D3D3	-38.95	0.5	15
605	#FFFFFF	#D3D3D3	-38.5	0.95	15
605	#FFFFFF	#D3D3D3	-38.05	0.5	15
605	#FFFFFF	#D3D3D3	-38.5	0.05	15
605	#FFFFFF	#D3D3D3	-38.95	0.5	15
589	#FFFFFF	#D3D3D3	-38.45	1	15
589	#FFFFFF	#D3D3D3	-38	1.45	15
589	#FFFFFF	#D3D3D3	-37.55	1	15
589	#FFFFFF	#D3D3D3	-38	0.55	15
589	#FFFFFF	#D3D3D3	-38.45	1	15
572	#FFFFFF	#D3D3D3	-37.95	1.5	15
572	#FFFFFF	#D3D3D3	-37.5	1.95	15
572	#FFFFFF	#D3D3D3	-37.05	1.5	15
572	#FFFFFF	#D3D3D3	-37.5	1.05	15
572	#FFFFFF	#D3D3D3	-37.95	1.5	15
563	#FEF7F9	#CACACA	-37.45	2	16
563	#FEF7F9	#CACACA	-37	2.45	16
563	#FEF7F9	#CACACA	-36.55	2	16
563	#FEF7F9	#CACACA	-37	1.55	16
563	#FEF7F9	#CACACA	-37.45	2	16
545	#FEF7F9	#CACACA	-36.95	2.5	16
545	#FEF7F9	#CACACA	-36.5	2.95	16
545	#FEF7F9	#CACACA	-36.05	2.5	16
545	#FEF7F9	#CACACA	-36.5	2.05	16
545	#FEF7F9	#CACACA	-36.95	2.5	16
528	#FEF7F9	#CACACA	-36.45	3	16
528	#FEF7F9	#CACACA	-36	3.45	16
528	#FEF7F9	#CACACA	-35.55	3	16
528	#FEF7F9	#CACACA	-36	2.55	16
528	#FEF7F9	#CACACA	-36.45	3	16
509	#FFFFFF	#D3D3D3	-35.95	3.5	37
509	#FFFFFF	#D3D3D3	-35.5	3.95	37
509	#FFFFFF	#D3D3D3	-35.05	3.5	37
509	#FFFFFF	#D3D3D3	-35.5	3.05	37
509	#FFFFFF	#D3D3D3	-35.95	3.5	37
491	#FFFFFF	#D3D3D3	-35.45	4	37
491	#FFFFFF	#D3D3D3	-35	4.45	37
491	#FFFFFF	#D3D3D3	-34.55	4	37
491	#FFFFFF	#D3D3D3	-35	3.55	37
491	#FFFFFF	#D3D3D3	-35.45	4	37
471	#FFFFFF	#D3D3D3	-34.95	4.5	37
471	#FFFFFF	#D3D3D3	-34.5	4.95	37
471	#FFFFFF	#D3D3D3	-34.05	4.5	37
471	#FFFFFF	#D3D3D3	-34.5	4.05	37
471	#FFFFFF	#D3D3D3	-34.95	4.5	37
452	#FFFFFF	#D3D3D3	-34.45	5	37
452	#FFFFFF	#D3D3D3	-34	5.45	37
452	#FFFFFF	#D3D3D3	-33.55	5	37
452	#FFFFFF	#D3D3D3	-34	4.55	37
452	#FFFFFF	#D3D3D3	-34.45	5	37
432	#FFFFFF	#D3D3D3	-33.95	5.5	38
432	#FFFFFF	#D3D3D3	-33.5	5.95	38
432	#FFFFFF	#D3D3D3	-33.05	5.5	38
432	#FFFFFF	#D3D3D3	-33.5	5.05	38
432	#FFFFFF	#D3D3D3	-33.95	5.5	38
414	#FFFFFF	#D3D3D3	-33.45	6	10
414	#FFFFFF	#D3D3D3	-33	6.45	10
414	#FFFFFF	#D3D3D3	-32.55	6	10
414	#FFFFFF	#D3D3D3	-33	5.55	10
414	#FFFFFF	#D3D3D3	-33.45	6	10
395	#FFFFFF	#D3D3D3	-32.95	6.5	10
395	#FFFFFF	#D3D3D3	-32.5	6.95	10
395	#FFFFFF	#D3D3D3	-32.05	6.5	10
395	#FFFFFF	#D3D3D3	-32.5	6.05	10
395	#FFFFFF	#D3D3D3	-32.95	6.5	10
378	#FFFFFF	#D3D3D3	-32.45	7	10
378	#FFFFFF	#D3D3D3	-32	7.45	10
378	#FFFFFF	#D3D3D3	-31.55	7	10
378	#FFFFFF	#D3D3D3	-32	6.55	10
378	#FFFFFF	#D3D3D3	-32.45	7	10
360	#FFFFFF	#D3D3D3	-31.95	7.5	10
360	#FFFFFF	#D3D3D3	-31.5	7.95	10
360	#FFFFFF	#D3D3D3	-31.05	7.5	10
360	#FFFFFF	#D3D3D3	-31.5	7.05	10
360	#FFFFFF	#D3D3D3	-31.95	7.5	10
344	#FFFFFF	#D3D3D3	-31.45	8	10
344	#FFFFFF	#D3D3D3	-31	8.45	10
344	#FFFFFF	#D3D3D3	-30.55	8	10
344	#FFFFFF	#D3D3D3	-31	7.55	10
344	#FFFFFF	#D3D3D3	-31.45	8	10
326	#FFFFFF	#D3D3D3	-30.95	8.5	10
326	#FFFFFF	#D3D3D3	-30.5	8.95	10
326	#FFFFFF	#D3D3D3	-30.05	8.5	10
326	#FFFFFF	#D3D3D3	-30.5	8.05	10
326	#FFFFFF	#D3D3D3	-30.95	8.5	10
310	#FFFFFF	#D3D3D3	-30.45	9	10
310	#FFFFFF	#D3D3D3	-30	9.45	10
310	#FFFFFF	#D3D3D3	-29.55	9	10
310	#FFFFFF	#D3D3D3	-30	8.55	10
310	#FFFFFF	#D3D3D3	-30.45	9	10
288	#FFFFFF	#D3D3D3	-29.95	9.5	29
288	#FFFFFF	#D3D3D3	-29.5	9.95	29
288	#FFFFFF	#D3D3D3	-29.05	9.5	29
288	#FFFFFF	#D3D3D3	-29.5	9.05	29
288	#FFFFFF	#D3D3D3	-29.95	9.5	29
259	#FFFFFF	#D3D3D3	-29.45	10	10
259	#FFFFFF	#D3D3D3	-29	10.45	10
259	#FFFFFF	#D3D3D3	-28.55	10	10
259	#FFFFFF	#D3D3D3	-29	9.55	10
259	#FFFFFF	#D3D3D3	-29.45	10	10
244	#FFFFFF	#D3D3D3	-28.95	10.5	20
244	#FFFFFF	#D3D3D3	-28.5	10.95	20
244	#FFFFFF	#D3D3D3	-28.05	10.5	20
244	#FFFFFF	#D3D3D3	-28.5	10.05	20
244	#FFFFFF	#D3D3D3	-28.95	10.5	20
230	#FFFFFF	#D3D3D3	-28.45	11	26
230	#FFFFFF	#D3D3D3	-28	11.45	26
230	#FFFFFF	#D3D3D3	-27.55	11	26
230	#FFFFFF	#D3D3D3	-28	10.55	26
230	#FFFFFF	#D3D3D3	-28.45	11	26
216	#FFFFFF	#D3D3D3	-27.95	11.5	20
216	#FFFFFF	#D3D3D3	-27.5	11.95	20
216	#FFFFFF	#D3D3D3	-27.05	11.5	20
216	#FFFFFF	#D3D3D3	-27.5	11.05	20
216	#FFFFFF	#D3D3D3	-27.95	11.5	20
203	#FFFFFF	#D3D3D3	-27.45	12	20
203	#FFFFFF	#D3D3D3	-27	12.45	20
203	#FFFFFF	#D3D3D3	-26.55	12	20
203	#FFFFFF	#D3D3D3	-27	11.55	20
203	#FFFFFF	#D3D3D3	-27.45	12	20
190	#FFFFFF	#D3D3D3	-26.95	12.5	20
190	#FFFFFF	#D3D3D3	-26.5	12.95	20
190	#FFFFFF	#D3D3D3	-26.05	12.5	20
190	#FFFFFF	#D3D3D3	-26.5	12.05	20
190	#FFFFFF	#D3D3D3	-26.95	12.5	20
588	#FFFFFF	#D3D3D3	-38.45	0	15
588	#FFFFFF	#D3D3D3	-38	0.45	15
588	#FFFFFF	#D3D3D3	-37.55	0	15
588	#FFFFFF	#D3D3D3	-38	-0.45	15
588	#FFFFFF	#D3D3D3	-38.45	0	15
571	#FFFFFF	#D3D3D3	-37.95	0.5	15
571	#FFFFFF	#D3D3D3	-37.5	0.95	15
571	#FFFFFF	#D3D3D3	-37.05	0.5	15
571	#FFFFFF	#D3D3D3	-37.5	0.05	15
571	#FFFFFF	#D3D3D3	-37.95	0.5	15
554	#FFFFFF	#D3D3D3	-37.45	1	15
554	#FFFFFF	#D3D3D3	-37	1.45	15
554	#FFFFFF	#D3D3D3	-36.55	1	15
554	#FFFFFF	#D3D3D3	-37	0.55	15
554	#FFFFFF	#D3D3D3	-37.45	1	15
536	#FEF7F9	#CACACA	-36.95	1.5	16
536	#FEF7F9	#CACACA	-36.5	1.95	16
536	#FEF7F9	#CACACA	-36.05	1.5	16
536	#FEF7F9	#CACACA	-36.5	1.05	16
536	#FEF7F9	#CACACA	-36.95	1.5	16
527	#FEF7F9	#CACACA	-36.45	2	16
527	#FEF7F9	#CACACA	-36	2.45	16
527	#FEF7F9	#CACACA	-35.55	2	16
527	#FEF7F9	#CACACA	-36	1.55	16
527	#FEF7F9	#CACACA	-36.45	2	16
508	#FEF7F9	#CACACA	-35.95	2.5	16
508	#FEF7F9	#CACACA	-35.5	2.95	16
508	#FEF7F9	#CACACA	-35.05	2.5	16
508	#FEF7F9	#CACACA	-35.5	2.05	16
508	#FEF7F9	#CACACA	-35.95	2.5	16
490	#FFFFFF	#D3D3D3	-35.45	3	37
490	#FFFFFF	#D3D3D3	-35	3.45	37
490	#FFFFFF	#D3D3D3	-34.55	3	37
490	#FFFFFF	#D3D3D3	-35	2.55	37
490	#FFFFFF	#D3D3D3	-35.45	3	37
470	#FFFFFF	#D3D3D3	-34.95	3.5	37
470	#FFFFFF	#D3D3D3	-34.5	3.95	37
470	#FFFFFF	#D3D3D3	-34.05	3.5	37
470	#FFFFFF	#D3D3D3	-34.5	3.05	37
470	#FFFFFF	#D3D3D3	-34.95	3.5	37
451	#FFFFFF	#D3D3D3	-34.45	4	37
451	#FFFFFF	#D3D3D3	-34	4.45	37
451	#FFFFFF	#D3D3D3	-33.55	4	37
451	#FFFFFF	#D3D3D3	-34	3.55	37
451	#FFFFFF	#D3D3D3	-34.45	4	37
431	#FFFFFF	#D3D3D3	-33.95	4.5	37
431	#FFFFFF	#D3D3D3	-33.5	4.95	37
431	#FFFFFF	#D3D3D3	-33.05	4.5	37
431	#FFFFFF	#D3D3D3	-33.5	4.05	37
431	#FFFFFF	#D3D3D3	-33.95	4.5	37
413	#FFFFFF	#D3D3D3	-33.45	5	38
413	#FFFFFF	#D3D3D3	-33	5.45	38
413	#FFFFFF	#D3D3D3	-32.55	5	38
413	#FFFFFF	#D3D3D3	-33	4.55	38
413	#FFFFFF	#D3D3D3	-33.45	5	38
394	#FFFFFF	#D3D3D3	-32.95	5.5	10
394	#FFFFFF	#D3D3D3	-32.5	5.95	10
394	#FFFFFF	#D3D3D3	-32.05	5.5	10
394	#FFFFFF	#D3D3D3	-32.5	5.05	10
394	#FFFFFF	#D3D3D3	-32.95	5.5	10
377	#FFFFFF	#D3D3D3	-32.45	6	10
377	#FFFFFF	#D3D3D3	-32	6.45	10
377	#FFFFFF	#D3D3D3	-31.55	6	10
377	#FFFFFF	#D3D3D3	-32	5.55	10
377	#FFFFFF	#D3D3D3	-32.45	6	10
359	#FFFFFF	#D3D3D3	-31.95	6.5	10
359	#FFFFFF	#D3D3D3	-31.5	6.95	10
359	#FFFFFF	#D3D3D3	-31.05	6.5	10
359	#FFFFFF	#D3D3D3	-31.5	6.05	10
359	#FFFFFF	#D3D3D3	-31.95	6.5	10
343	#FFFFFF	#D3D3D3	-31.45	7	10
343	#FFFFFF	#D3D3D3	-31	7.45	10
343	#FFFFFF	#D3D3D3	-30.55	7	10
343	#FFFFFF	#D3D3D3	-31	6.55	10
343	#FFFFFF	#D3D3D3	-31.45	7	10
325	#FFFFFF	#D3D3D3	-30.95	7.5	10
325	#FFFFFF	#D3D3D3	-30.5	7.95	10
325	#FFFFFF	#D3D3D3	-30.05	7.5	10
325	#FFFFFF	#D3D3D3	-30.5	7.05	10
325	#FFFFFF	#D3D3D3	-30.95	7.5	10
309	#FFFFFF	#D3D3D3	-30.45	8	10
309	#FFFFFF	#D3D3D3	-30	8.45	10
309	#FFFFFF	#D3D3D3	-29.55	8	10
309	#FFFFFF	#D3D3D3	-30	7.55	10
309	#FFFFFF	#D3D3D3	-30.45	8	10
287	#FFFFFF	#D3D3D3	-29.95	8.5	10
287	#FFFFFF	#D3D3D3	-29.5	8.95	10
287	#FFFFFF	#D3D3D3	-29.05	8.5	10
287	#FFFFFF	#D3D3D3	-29.5	8.05	10
287	#FFFFFF	#D3D3D3	-29.95	8.5	10
272	#FFFFFF	#D3D3D3	-29.45	9	29
272	#FFFFFF	#D3D3D3	-29	9.45	29
272	#FFFFFF	#D3D3D3	-28.55	9	29
272	#FFFFFF	#D3D3D3	-29	8.55	29
272	#FFFFFF	#D3D3D3	-29.45	9	29
256	#FFFFFF	#D3D3D3	-28.95	9.5	10
256	#FFFFFF	#D3D3D3	-28.5	9.95	10
256	#FFFFFF	#D3D3D3	-28.05	9.5	10
256	#FFFFFF	#D3D3D3	-28.5	9.05	10
256	#FFFFFF	#D3D3D3	-28.95	9.5	10
229	#FFFFFF	#D3D3D3	-28.45	10	20
229	#FFFFFF	#D3D3D3	-28	10.45	20
229	#FFFFFF	#D3D3D3	-27.55	10	20
229	#FFFFFF	#D3D3D3	-28	9.55	20
229	#FFFFFF	#D3D3D3	-28.45	10	20
215	#FFFFFF	#D3D3D3	-27.95	10.5	26
215	#FFFFFF	#D3D3D3	-27.5	10.95	26
215	#FFFFFF	#D3D3D3	-27.05	10.5	26
215	#FFFFFF	#D3D3D3	-27.5	10.05	26
215	#FFFFFF	#D3D3D3	-27.95	10.5	26
202	#FFFFFF	#D3D3D3	-27.45	11	20
202	#FFFFFF	#D3D3D3	-27	11.45	20
202	#FFFFFF	#D3D3D3	-26.55	11	20
202	#FFFFFF	#D3D3D3	-27	10.55	20
202	#FFFFFF	#D3D3D3	-27.45	11	20
189	#FFFFFF	#D3D3D3	-26.95	11.5	20
189	#FFFFFF	#D3D3D3	-26.5	11.95	20
189	#FFFFFF	#D3D3D3	-26.05	11.5	20
189	#FFFFFF	#D3D3D3	-26.5	11.05	20
189	#FFFFFF	#D3D3D3	-26.95	11.5	20
177	#FFFFFF	#D3D3D3	-26.45	12	20
177	#FFFFFF	#D3D3D3	-26	12.45	20
177	#FFFFFF	#D3D3D3	-25.55	12	20
177	#FFFFFF	#D3D3D3	-26	11.55	20
177	#FFFFFF	#D3D3D3	-26.45	12	20
553	#FFFFFF	#D3D3D3	-37.45	0	15
553	#FFFFFF	#D3D3D3	-37	0.45	15
553	#FFFFFF	#D3D3D3	-36.55	0	15
553	#FFFFFF	#D3D3D3	-37	-0.45	15
553	#FFFFFF	#D3D3D3	-37.45	0	15
535	#FFFFFF	#D3D3D3	-36.95	0.5	15
535	#FFFFFF	#D3D3D3	-36.5	0.95	15
535	#FFFFFF	#D3D3D3	-36.05	0.5	15
535	#FFFFFF	#D3D3D3	-36.5	0.05	15
535	#FFFFFF	#D3D3D3	-36.95	0.5	15
517	#FFFFFF	#D3D3D3	-36.45	1	15
517	#FFFFFF	#D3D3D3	-36	1.45	15
517	#FFFFFF	#D3D3D3	-35.55	1	15
517	#FFFFFF	#D3D3D3	-36	0.55	15
517	#FFFFFF	#D3D3D3	-36.45	1	15
498	#FEF7F9	#CACACA	-35.95	1.5	16
498	#FEF7F9	#CACACA	-35.5	1.95	16
498	#FEF7F9	#CACACA	-35.05	1.5	16
498	#FEF7F9	#CACACA	-35.5	1.05	16
498	#FEF7F9	#CACACA	-35.95	1.5	16
488	#FEF7F9	#CACACA	-35.45	2	16
488	#FEF7F9	#CACACA	-35	2.45	16
488	#FEF7F9	#CACACA	-34.55	2	16
488	#FEF7F9	#CACACA	-35	1.55	16
488	#FEF7F9	#CACACA	-35.45	2	16
468	#FEF7F9	#CACACA	-34.95	2.5	16
468	#FEF7F9	#CACACA	-34.5	2.95	16
468	#FEF7F9	#CACACA	-34.05	2.5	16
468	#FEF7F9	#CACACA	-34.5	2.05	16
468	#FEF7F9	#CACACA	-34.95	2.5	16
450	#FEF7F9	#CACACA	-34.45	3	16
450	#FEF7F9	#CACACA	-34	3.45	16
450	#FEF7F9	#CACACA	-33.55	3	16
450	#FEF7F9	#CACACA	-34	2.55	16
450	#FEF7F9	#CACACA	-34.45	3	16
430	#FEF7F9	#CACACA	-33.95	3.5	16
430	#FEF7F9	#CACACA	-33.5	3.95	16
430	#FEF7F9	#CACACA	-33.05	3.5	16
430	#FEF7F9	#CACACA	-33.5	3.05	16
430	#FEF7F9	#CACACA	-33.95	3.5	16
412	#FFFFFF	#D3D3D3	-33.45	4	37
412	#FFFFFF	#D3D3D3	-33	4.45	37
412	#FFFFFF	#D3D3D3	-32.55	4	37
412	#FFFFFF	#D3D3D3	-33	3.55	37
412	#FFFFFF	#D3D3D3	-33.45	4	37
393	#FFFFFF	#D3D3D3	-32.95	4.5	38
393	#FFFFFF	#D3D3D3	-32.5	4.95	38
393	#FFFFFF	#D3D3D3	-32.05	4.5	38
393	#FFFFFF	#D3D3D3	-32.5	4.05	38
393	#FFFFFF	#D3D3D3	-32.95	4.5	38
376	#FFFFFF	#D3D3D3	-32.45	5	10
376	#FFFFFF	#D3D3D3	-32	5.45	10
376	#FFFFFF	#D3D3D3	-31.55	5	10
376	#FFFFFF	#D3D3D3	-32	4.55	10
376	#FFFFFF	#D3D3D3	-32.45	5	10
358	#FFFFFF	#D3D3D3	-31.95	5.5	10
358	#FFFFFF	#D3D3D3	-31.5	5.95	10
358	#FFFFFF	#D3D3D3	-31.05	5.5	10
358	#FFFFFF	#D3D3D3	-31.5	5.05	10
358	#FFFFFF	#D3D3D3	-31.95	5.5	10
342	#FFFFFF	#D3D3D3	-31.45	6	10
342	#FFFFFF	#D3D3D3	-31	6.45	10
342	#FFFFFF	#D3D3D3	-30.55	6	10
342	#FFFFFF	#D3D3D3	-31	5.55	10
342	#FFFFFF	#D3D3D3	-31.45	6	10
324	#FFFFFF	#D3D3D3	-30.95	6.5	10
324	#FFFFFF	#D3D3D3	-30.5	6.95	10
324	#FFFFFF	#D3D3D3	-30.05	6.5	10
324	#FFFFFF	#D3D3D3	-30.5	6.05	10
324	#FFFFFF	#D3D3D3	-30.95	6.5	10
308	#FFFFFF	#D3D3D3	-30.45	7	10
308	#FFFFFF	#D3D3D3	-30	7.45	10
308	#FFFFFF	#D3D3D3	-29.55	7	10
308	#FFFFFF	#D3D3D3	-30	6.55	10
308	#FFFFFF	#D3D3D3	-30.45	7	10
286	#FFFFFF	#D3D3D3	-29.95	7.5	10
286	#FFFFFF	#D3D3D3	-29.5	7.95	10
286	#FFFFFF	#D3D3D3	-29.05	7.5	10
286	#FFFFFF	#D3D3D3	-29.5	7.05	10
286	#FFFFFF	#D3D3D3	-29.95	7.5	10
271	#FFFFFF	#D3D3D3	-29.45	8	10
271	#FFFFFF	#D3D3D3	-29	8.45	10
271	#FFFFFF	#D3D3D3	-28.55	8	10
271	#FFFFFF	#D3D3D3	-29	7.55	10
271	#FFFFFF	#D3D3D3	-29.45	8	10
255	#FFFFFF	#D3D3D3	-28.95	8.5	29
255	#FFFFFF	#D3D3D3	-28.5	8.95	29
255	#FFFFFF	#D3D3D3	-28.05	8.5	29
255	#FFFFFF	#D3D3D3	-28.5	8.05	29
255	#FFFFFF	#D3D3D3	-28.95	8.5	29
241	#FFFFFF	#D3D3D3	-28.45	9	10
241	#FFFFFF	#D3D3D3	-28	9.45	10
241	#FFFFFF	#D3D3D3	-27.55	9	10
241	#FFFFFF	#D3D3D3	-28	8.55	10
241	#FFFFFF	#D3D3D3	-28.45	9	10
226	#FFFFFF	#D3D3D3	-27.95	9.5	20
226	#FFFFFF	#D3D3D3	-27.5	9.95	20
226	#FFFFFF	#D3D3D3	-27.05	9.5	20
226	#FFFFFF	#D3D3D3	-27.5	9.05	20
226	#FFFFFF	#D3D3D3	-27.95	9.5	20
201	#FFFFFF	#D3D3D3	-27.45	10	26
201	#FFFFFF	#D3D3D3	-27	10.45	26
201	#FFFFFF	#D3D3D3	-26.55	10	26
201	#FFFFFF	#D3D3D3	-27	9.55	26
201	#FFFFFF	#D3D3D3	-27.45	10	26
188	#FFFFFF	#D3D3D3	-26.95	10.5	20
188	#FFFFFF	#D3D3D3	-26.5	10.95	20
188	#FFFFFF	#D3D3D3	-26.05	10.5	20
188	#FFFFFF	#D3D3D3	-26.5	10.05	20
188	#FFFFFF	#D3D3D3	-26.95	10.5	20
176	#FFFFFF	#D3D3D3	-26.45	11	20
176	#FFFFFF	#D3D3D3	-26	11.45	20
176	#FFFFFF	#D3D3D3	-25.55	11	20
176	#FFFFFF	#D3D3D3	-26	10.55	20
176	#FFFFFF	#D3D3D3	-26.45	11	20
164	#FFFFFF	#D3D3D3	-25.95	11.5	20
164	#FFFFFF	#D3D3D3	-25.5	11.95	20
164	#FFFFFF	#D3D3D3	-25.05	11.5	20
164	#FFFFFF	#D3D3D3	-25.5	11.05	20
164	#FFFFFF	#D3D3D3	-25.95	11.5	20
516	#FFFFFF	#D3D3D3	-36.45	0	15
516	#FFFFFF	#D3D3D3	-36	0.45	15
516	#FFFFFF	#D3D3D3	-35.55	0	15
516	#FFFFFF	#D3D3D3	-36	-0.45	15
516	#FFFFFF	#D3D3D3	-36.45	0	15
497	#FFFFFF	#D3D3D3	-35.95	0.5	15
497	#FFFFFF	#D3D3D3	-35.5	0.95	15
497	#FFFFFF	#D3D3D3	-35.05	0.5	15
497	#FFFFFF	#D3D3D3	-35.5	0.05	15
497	#FFFFFF	#D3D3D3	-35.95	0.5	15
478	#FEF7F9	#CACACA	-35.45	1	16
478	#FEF7F9	#CACACA	-35	1.45	16
478	#FEF7F9	#CACACA	-34.55	1	16
478	#FEF7F9	#CACACA	-35	0.55	16
478	#FEF7F9	#CACACA	-35.45	1	16
458	#FEF7F9	#CACACA	-34.95	1.5	16
458	#FEF7F9	#CACACA	-34.5	1.95	16
458	#FEF7F9	#CACACA	-34.05	1.5	16
458	#FEF7F9	#CACACA	-34.5	1.05	16
458	#FEF7F9	#CACACA	-34.95	1.5	16
448	#FEF7F9	#CACACA	-34.45	2	16
448	#FEF7F9	#CACACA	-34	2.45	16
448	#FEF7F9	#CACACA	-33.55	2	16
448	#FEF7F9	#CACACA	-34	1.55	16
448	#FEF7F9	#CACACA	-34.45	2	16
429	#FEF7F9	#CACACA	-33.95	2.5	16
429	#FEF7F9	#CACACA	-33.5	2.95	16
429	#FEF7F9	#CACACA	-33.05	2.5	16
429	#FEF7F9	#CACACA	-33.5	2.05	16
429	#FEF7F9	#CACACA	-33.95	2.5	16
411	#FEF7F9	#CACACA	-33.45	3	16
411	#FEF7F9	#CACACA	-33	3.45	16
411	#FEF7F9	#CACACA	-32.55	3	16
411	#FEF7F9	#CACACA	-33	2.55	16
411	#FEF7F9	#CACACA	-33.45	3	16
392	#FFFFFF	#D3D3D3	-32.95	3.5	37
392	#FFFFFF	#D3D3D3	-32.5	3.95	37
392	#FFFFFF	#D3D3D3	-32.05	3.5	37
392	#FFFFFF	#D3D3D3	-32.5	3.05	37
392	#FFFFFF	#D3D3D3	-32.95	3.5	37
375	#FFFFFF	#D3D3D3	-32.45	4	38
375	#FFFFFF	#D3D3D3	-32	4.45	38
375	#FFFFFF	#D3D3D3	-31.55	4	38
375	#FFFFFF	#D3D3D3	-32	3.55	38
375	#FFFFFF	#D3D3D3	-32.45	4	38
357	#FFFFFF	#D3D3D3	-31.95	4.5	10
357	#FFFFFF	#D3D3D3	-31.5	4.95	10
357	#FFFFFF	#D3D3D3	-31.05	4.5	10
357	#FFFFFF	#D3D3D3	-31.5	4.05	10
357	#FFFFFF	#D3D3D3	-31.95	4.5	10
341	#FFFFFF	#D3D3D3	-31.45	5	10
341	#FFFFFF	#D3D3D3	-31	5.45	10
341	#FFFFFF	#D3D3D3	-30.55	5	10
341	#FFFFFF	#D3D3D3	-31	4.55	10
341	#FFFFFF	#D3D3D3	-31.45	5	10
323	#FFFFFF	#D3D3D3	-30.95	5.5	10
323	#FFFFFF	#D3D3D3	-30.5	5.95	10
323	#FFFFFF	#D3D3D3	-30.05	5.5	10
323	#FFFFFF	#D3D3D3	-30.5	5.05	10
323	#FFFFFF	#D3D3D3	-30.95	5.5	10
307	#FFFFFF	#D3D3D3	-30.45	6	10
307	#FFFFFF	#D3D3D3	-30	6.45	10
307	#FFFFFF	#D3D3D3	-29.55	6	10
307	#FFFFFF	#D3D3D3	-30	5.55	10
307	#FFFFFF	#D3D3D3	-30.45	6	10
285	#FFFFFF	#D3D3D3	-29.95	6.5	10
285	#FFFFFF	#D3D3D3	-29.5	6.95	10
285	#FFFFFF	#D3D3D3	-29.05	6.5	10
285	#FFFFFF	#D3D3D3	-29.5	6.05	10
285	#FFFFFF	#D3D3D3	-29.95	6.5	10
270	#FFFFFF	#D3D3D3	-29.45	7	10
270	#FFFFFF	#D3D3D3	-29	7.45	10
270	#FFFFFF	#D3D3D3	-28.55	7	10
270	#FFFFFF	#D3D3D3	-29	6.55	10
270	#FFFFFF	#D3D3D3	-29.45	7	10
254	#FFFFFF	#D3D3D3	-28.95	7.5	10
254	#FFFFFF	#D3D3D3	-28.5	7.95	10
254	#FFFFFF	#D3D3D3	-28.05	7.5	10
254	#FFFFFF	#D3D3D3	-28.5	7.05	10
254	#FFFFFF	#D3D3D3	-28.95	7.5	10
240	#FFFFFF	#D3D3D3	-28.45	8	29
240	#FFFFFF	#D3D3D3	-28	8.45	29
240	#FFFFFF	#D3D3D3	-27.55	8	29
240	#FFFFFF	#D3D3D3	-28	7.55	29
240	#FFFFFF	#D3D3D3	-28.45	8	29
225	#FFFFFF	#D3D3D3	-27.95	8.5	10
225	#FFFFFF	#D3D3D3	-27.5	8.95	10
225	#FFFFFF	#D3D3D3	-27.05	8.5	10
225	#FFFFFF	#D3D3D3	-27.5	8.05	10
225	#FFFFFF	#D3D3D3	-27.95	8.5	10
212	#FFFFFF	#D3D3D3	-27.45	9	20
212	#FFFFFF	#D3D3D3	-27	9.45	20
212	#FFFFFF	#D3D3D3	-26.55	9	20
212	#FFFFFF	#D3D3D3	-27	8.55	20
212	#FFFFFF	#D3D3D3	-27.45	9	20
198	#FFFFFF	#D3D3D3	-26.95	9.5	26
198	#FFFFFF	#D3D3D3	-26.5	9.95	26
198	#FFFFFF	#D3D3D3	-26.05	9.5	26
198	#FFFFFF	#D3D3D3	-26.5	9.05	26
198	#FFFFFF	#D3D3D3	-26.95	9.5	26
175	#FFFFFF	#D3D3D3	-26.45	10	20
175	#FFFFFF	#D3D3D3	-26	10.45	20
175	#FFFFFF	#D3D3D3	-25.55	10	20
175	#FFFFFF	#D3D3D3	-26	9.55	20
175	#FFFFFF	#D3D3D3	-26.45	10	20
163	#FFFFFF	#D3D3D3	-25.95	10.5	20
163	#FFFFFF	#D3D3D3	-25.5	10.95	20
163	#FFFFFF	#D3D3D3	-25.05	10.5	20
163	#FFFFFF	#D3D3D3	-25.5	10.05	20
163	#FFFFFF	#D3D3D3	-25.95	10.5	20
152	#FFFFFF	#D3D3D3	-25.45	11	20
152	#FFFFFF	#D3D3D3	-25	11.45	20
152	#FFFFFF	#D3D3D3	-24.55	11	20
152	#FFFFFF	#D3D3D3	-25	10.55	20
152	#FFFFFF	#D3D3D3	-25.45	11	20
477	#E67CA5	#484848	-35.45	0	7
477	#E67CA5	#484848	-35	0.45	7
477	#E67CA5	#484848	-34.55	0	7
477	#E67CA5	#484848	-35	-0.45	7
477	#E67CA5	#484848	-35.45	0	7
457	#E67CA5	#484848	-34.95	0.5	7
457	#E67CA5	#484848	-34.5	0.95	7
457	#E67CA5	#484848	-34.05	0.5	7
457	#E67CA5	#484848	-34.5	0.05	7
457	#E67CA5	#484848	-34.95	0.5	7
438	#FEF7F9	#CACACA	-34.45	1	16
438	#FEF7F9	#CACACA	-34	1.45	16
438	#FEF7F9	#CACACA	-33.55	1	16
438	#FEF7F9	#CACACA	-34	0.55	16
438	#FEF7F9	#CACACA	-34.45	1	16
419	#FEF7F9	#CACACA	-33.95	1.5	16
419	#FEF7F9	#CACACA	-33.5	1.95	16
419	#FEF7F9	#CACACA	-33.05	1.5	16
419	#FEF7F9	#CACACA	-33.5	1.05	16
419	#FEF7F9	#CACACA	-33.95	1.5	16
410	#FEF7F9	#CACACA	-33.45	2	16
410	#FEF7F9	#CACACA	-33	2.45	16
410	#FEF7F9	#CACACA	-32.55	2	16
410	#FEF7F9	#CACACA	-33	1.55	16
410	#FEF7F9	#CACACA	-33.45	2	16
391	#FEF7F9	#CACACA	-32.95	2.5	16
391	#FEF7F9	#CACACA	-32.5	2.95	16
391	#FEF7F9	#CACACA	-32.05	2.5	16
391	#FEF7F9	#CACACA	-32.5	2.05	16
391	#FEF7F9	#CACACA	-32.95	2.5	16
374	#FEF7F9	#CACACA	-32.45	3	16
374	#FEF7F9	#CACACA	-32	3.45	16
374	#FEF7F9	#CACACA	-31.55	3	16
374	#FEF7F9	#CACACA	-32	2.55	16
374	#FEF7F9	#CACACA	-32.45	3	16
356	#E984AA	#505050	-31.95	3.5	4
356	#E984AA	#505050	-31.5	3.95	4
356	#E984AA	#505050	-31.05	3.5	4
356	#E984AA	#505050	-31.5	3.05	4
356	#E984AA	#505050	-31.95	3.5	4
340	#FFFFFF	#D3D3D3	-31.45	4	10
340	#FFFFFF	#D3D3D3	-31	4.45	10
340	#FFFFFF	#D3D3D3	-30.55	4	10
340	#FFFFFF	#D3D3D3	-31	3.55	10
340	#FFFFFF	#D3D3D3	-31.45	4	10
322	#FFFFFF	#D3D3D3	-30.95	4.5	10
322	#FFFFFF	#D3D3D3	-30.5	4.95	10
322	#FFFFFF	#D3D3D3	-30.05	4.5	10
322	#FFFFFF	#D3D3D3	-30.5	4.05	10
322	#FFFFFF	#D3D3D3	-30.95	4.5	10
306	#FFFFFF	#D3D3D3	-30.45	5	10
306	#FFFFFF	#D3D3D3	-30	5.45	10
306	#FFFFFF	#D3D3D3	-29.55	5	10
306	#FFFFFF	#D3D3D3	-30	4.55	10
306	#FFFFFF	#D3D3D3	-30.45	5	10
284	#FFFFFF	#D3D3D3	-29.95	5.5	29
284	#FFFFFF	#D3D3D3	-29.5	5.95	29
284	#FFFFFF	#D3D3D3	-29.05	5.5	29
284	#FFFFFF	#D3D3D3	-29.5	5.05	29
284	#FFFFFF	#D3D3D3	-29.95	5.5	29
269	#FFFFFF	#D3D3D3	-29.45	6	29
269	#FFFFFF	#D3D3D3	-29	6.45	29
269	#FFFFFF	#D3D3D3	-28.55	6	29
269	#FFFFFF	#D3D3D3	-29	5.55	29
269	#FFFFFF	#D3D3D3	-29.45	6	29
253	#FFFFFF	#D3D3D3	-28.95	6.5	29
253	#FFFFFF	#D3D3D3	-28.5	6.95	29
253	#FFFFFF	#D3D3D3	-28.05	6.5	29
253	#FFFFFF	#D3D3D3	-28.5	6.05	29
253	#FFFFFF	#D3D3D3	-28.95	6.5	29
239	#FFFFFF	#D3D3D3	-28.45	7	29
239	#FFFFFF	#D3D3D3	-28	7.45	29
239	#FFFFFF	#D3D3D3	-27.55	7	29
239	#FFFFFF	#D3D3D3	-28	6.55	29
239	#FFFFFF	#D3D3D3	-28.45	7	29
224	#FFFFFF	#D3D3D3	-27.95	7.5	29
224	#FFFFFF	#D3D3D3	-27.5	7.95	29
224	#FFFFFF	#D3D3D3	-27.05	7.5	29
224	#FFFFFF	#D3D3D3	-27.5	7.05	29
224	#FFFFFF	#D3D3D3	-27.95	7.5	29
211	#FFFFFF	#D3D3D3	-27.45	8	10
211	#FFFFFF	#D3D3D3	-27	8.45	10
211	#FFFFFF	#D3D3D3	-26.55	8	10
211	#FFFFFF	#D3D3D3	-27	7.55	10
211	#FFFFFF	#D3D3D3	-27.45	8	10
197	#FFFFFF	#D3D3D3	-26.95	8.5	10
197	#FFFFFF	#D3D3D3	-26.5	8.95	10
197	#FFFFFF	#D3D3D3	-26.05	8.5	10
197	#FFFFFF	#D3D3D3	-26.5	8.05	10
197	#FFFFFF	#D3D3D3	-26.95	8.5	10
185	#FFFFFF	#D3D3D3	-26.45	9	20
185	#FFFFFF	#D3D3D3	-26	9.45	20
185	#FFFFFF	#D3D3D3	-25.55	9	20
185	#FFFFFF	#D3D3D3	-26	8.55	20
185	#FFFFFF	#D3D3D3	-26.45	9	20
172	#FFFFFF	#D3D3D3	-25.95	9.5	20
172	#FFFFFF	#D3D3D3	-25.5	9.95	20
172	#FFFFFF	#D3D3D3	-25.05	9.5	20
172	#FFFFFF	#D3D3D3	-25.5	9.05	20
172	#FFFFFF	#D3D3D3	-25.95	9.5	20
151	#FFFFFF	#D3D3D3	-25.45	10	20
151	#FFFFFF	#D3D3D3	-25	10.45	20
151	#FFFFFF	#D3D3D3	-24.55	10	20
151	#FFFFFF	#D3D3D3	-25	9.55	20
151	#FFFFFF	#D3D3D3	-25.45	10	20
140	#FFFFFF	#D3D3D3	-24.95	10.5	20
140	#FFFFFF	#D3D3D3	-24.5	10.95	20
140	#FFFFFF	#D3D3D3	-24.05	10.5	20
140	#FFFFFF	#D3D3D3	-24.5	10.05	20
140	#FFFFFF	#D3D3D3	-24.95	10.5	20
437	#E67CA5	#484848	-34.45	0	7
437	#E67CA5	#484848	-34	0.45	7
437	#E67CA5	#484848	-33.55	0	7
437	#E67CA5	#484848	-34	-0.45	7
437	#E67CA5	#484848	-34.45	0	7
418	#E67CA5	#484848	-33.95	0.5	7
418	#E67CA5	#484848	-33.5	0.95	7
418	#E67CA5	#484848	-33.05	0.5	7
418	#E67CA5	#484848	-33.5	0.05	7
418	#E67CA5	#484848	-33.95	0.5	7
400	#E67CA5	#484848	-33.45	1	7
400	#E67CA5	#484848	-33	1.45	7
400	#E67CA5	#484848	-32.55	1	7
400	#E67CA5	#484848	-33	0.55	7
400	#E67CA5	#484848	-33.45	1	7
382	#FEF7F9	#CACACA	-32.95	1.5	16
382	#FEF7F9	#CACACA	-32.5	1.95	16
382	#FEF7F9	#CACACA	-32.05	1.5	16
382	#FEF7F9	#CACACA	-32.5	1.05	16
382	#FEF7F9	#CACACA	-32.95	1.5	16
373	#FEF7F9	#CACACA	-32.45	2	16
373	#FEF7F9	#CACACA	-32	2.45	16
373	#FEF7F9	#CACACA	-31.55	2	16
373	#FEF7F9	#CACACA	-32	1.55	16
373	#FEF7F9	#CACACA	-32.45	2	16
355	#FEF7F9	#CACACA	-31.95	2.5	16
355	#FEF7F9	#CACACA	-31.5	2.95	16
355	#FEF7F9	#CACACA	-31.05	2.5	16
355	#FEF7F9	#CACACA	-31.5	2.05	16
355	#FEF7F9	#CACACA	-31.95	2.5	16
339	#E984AA	#505050	-31.45	3	4
339	#E984AA	#505050	-31	3.45	4
339	#E984AA	#505050	-30.55	3	4
339	#E984AA	#505050	-31	2.55	4
339	#E984AA	#505050	-31.45	3	4
321	#FFFFFF	#D3D3D3	-30.95	3.5	10
321	#FFFFFF	#D3D3D3	-30.5	3.95	10
321	#FFFFFF	#D3D3D3	-30.05	3.5	10
321	#FFFFFF	#D3D3D3	-30.5	3.05	10
321	#FFFFFF	#D3D3D3	-30.95	3.5	10
305	#FFFFFF	#D3D3D3	-30.45	4	10
305	#FFFFFF	#D3D3D3	-30	4.45	10
305	#FFFFFF	#D3D3D3	-29.55	4	10
305	#FFFFFF	#D3D3D3	-30	3.55	10
305	#FFFFFF	#D3D3D3	-30.45	4	10
283	#FFFFFF	#D3D3D3	-29.95	4.5	10
283	#FFFFFF	#D3D3D3	-29.5	4.95	10
283	#FFFFFF	#D3D3D3	-29.05	4.5	10
283	#FFFFFF	#D3D3D3	-29.5	4.05	10
283	#FFFFFF	#D3D3D3	-29.95	4.5	10
268	#FFFFFF	#D3D3D3	-29.45	5	29
268	#FFFFFF	#D3D3D3	-29	5.45	29
268	#FFFFFF	#D3D3D3	-28.55	5	29
268	#FFFFFF	#D3D3D3	-29	4.55	29
268	#FFFFFF	#D3D3D3	-29.45	5	29
252	#FFFFFF	#D3D3D3	-28.95	5.5	29
252	#FFFFFF	#D3D3D3	-28.5	5.95	29
252	#FFFFFF	#D3D3D3	-28.05	5.5	29
252	#FFFFFF	#D3D3D3	-28.5	5.05	29
252	#FFFFFF	#D3D3D3	-28.95	5.5	29
238	#FFFFFF	#D3D3D3	-28.45	6	29
238	#FFFFFF	#D3D3D3	-28	6.45	29
238	#FFFFFF	#D3D3D3	-27.55	6	29
238	#FFFFFF	#D3D3D3	-28	5.55	29
238	#FFFFFF	#D3D3D3	-28.45	6	29
223	#FFFFFF	#D3D3D3	-27.95	6.5	29
223	#FFFFFF	#D3D3D3	-27.5	6.95	29
223	#FFFFFF	#D3D3D3	-27.05	6.5	29
223	#FFFFFF	#D3D3D3	-27.5	6.05	29
223	#FFFFFF	#D3D3D3	-27.95	6.5	29
210	#FFFFFF	#D3D3D3	-27.45	7	29
210	#FFFFFF	#D3D3D3	-27	7.45	29
210	#FFFFFF	#D3D3D3	-26.55	7	29
210	#FFFFFF	#D3D3D3	-27	6.55	29
210	#FFFFFF	#D3D3D3	-27.45	7	29
196	#FFFFFF	#D3D3D3	-26.95	7.5	10
196	#FFFFFF	#D3D3D3	-26.5	7.95	10
196	#FFFFFF	#D3D3D3	-26.05	7.5	10
196	#FFFFFF	#D3D3D3	-26.5	7.05	10
196	#FFFFFF	#D3D3D3	-26.95	7.5	10
184	#FFFFFF	#D3D3D3	-26.45	8	10
184	#FFFFFF	#D3D3D3	-26	8.45	10
184	#FFFFFF	#D3D3D3	-25.55	8	10
184	#FFFFFF	#D3D3D3	-26	7.55	10
184	#FFFFFF	#D3D3D3	-26.45	8	10
171	#FFFFFF	#D3D3D3	-25.95	8.5	20
171	#FFFFFF	#D3D3D3	-25.5	8.95	20
171	#FFFFFF	#D3D3D3	-25.05	8.5	20
171	#FFFFFF	#D3D3D3	-25.5	8.05	20
171	#FFFFFF	#D3D3D3	-25.95	8.5	20
160	#FFFFFF	#D3D3D3	-25.45	9	20
160	#FFFFFF	#D3D3D3	-25	9.45	20
160	#FFFFFF	#D3D3D3	-24.55	9	20
160	#FFFFFF	#D3D3D3	-25	8.55	20
160	#FFFFFF	#D3D3D3	-25.45	9	20
148	#FFFFFF	#D3D3D3	-24.95	9.5	20
148	#FFFFFF	#D3D3D3	-24.5	9.95	20
148	#FFFFFF	#D3D3D3	-24.05	9.5	20
148	#FFFFFF	#D3D3D3	-24.5	9.05	20
148	#FFFFFF	#D3D3D3	-24.95	9.5	20
129	#FFFFFF	#D3D3D3	-24.45	10	20
129	#FFFFFF	#D3D3D3	-24	10.45	20
129	#FFFFFF	#D3D3D3	-23.55	10	20
129	#FFFFFF	#D3D3D3	-24	9.55	20
129	#FFFFFF	#D3D3D3	-24.45	10	20
399	#E67CA5	#484848	-33.45	0	7
399	#E67CA5	#484848	-33	0.45	7
399	#E67CA5	#484848	-32.55	0	7
399	#E67CA5	#484848	-33	-0.45	7
399	#E67CA5	#484848	-33.45	0	7
381	#E67CA5	#484848	-32.95	0.5	7
381	#E67CA5	#484848	-32.5	0.95	7
381	#E67CA5	#484848	-32.05	0.5	7
381	#E67CA5	#484848	-32.5	0.05	7
381	#E67CA5	#484848	-32.95	0.5	7
364	#FEF7F9	#CACACA	-32.45	1	16
364	#FEF7F9	#CACACA	-32	1.45	16
364	#FEF7F9	#CACACA	-31.55	1	16
364	#FEF7F9	#CACACA	-32	0.55	16
364	#FEF7F9	#CACACA	-32.45	1	16
347	#FEF7F9	#CACACA	-31.95	1.5	16
347	#FEF7F9	#CACACA	-31.5	1.95	16
347	#FEF7F9	#CACACA	-31.05	1.5	16
347	#FEF7F9	#CACACA	-31.5	1.05	16
347	#FEF7F9	#CACACA	-31.95	1.5	16
338	#E984AA	#505050	-31.45	2	4
338	#E984AA	#505050	-31	2.45	4
338	#E984AA	#505050	-30.55	2	4
338	#E984AA	#505050	-31	1.55	4
338	#E984AA	#505050	-31.45	2	4
320	#E984AA	#505050	-30.95	2.5	4
320	#E984AA	#505050	-30.5	2.95	4
320	#E984AA	#505050	-30.05	2.5	4
320	#E984AA	#505050	-30.5	2.05	4
320	#E984AA	#505050	-30.95	2.5	4
304	#FFFFFF	#D3D3D3	-30.45	3	10
304	#FFFFFF	#D3D3D3	-30	3.45	10
304	#FFFFFF	#D3D3D3	-29.55	3	10
304	#FFFFFF	#D3D3D3	-30	2.55	10
304	#FFFFFF	#D3D3D3	-30.45	3	10
282	#FFFFFF	#D3D3D3	-29.95	3.5	10
282	#FFFFFF	#D3D3D3	-29.5	3.95	10
282	#FFFFFF	#D3D3D3	-29.05	3.5	10
282	#FFFFFF	#D3D3D3	-29.5	3.05	10
282	#FFFFFF	#D3D3D3	-29.95	3.5	10
267	#FFFFFF	#D3D3D3	-29.45	4	10
267	#FFFFFF	#D3D3D3	-29	4.45	10
267	#FFFFFF	#D3D3D3	-28.55	4	10
267	#FFFFFF	#D3D3D3	-29	3.55	10
267	#FFFFFF	#D3D3D3	-29.45	4	10
251	#FFFFFF	#D3D3D3	-28.95	4.5	10
251	#FFFFFF	#D3D3D3	-28.5	4.95	10
251	#FFFFFF	#D3D3D3	-28.05	4.5	10
251	#FFFFFF	#D3D3D3	-28.5	4.05	10
251	#FFFFFF	#D3D3D3	-28.95	4.5	10
237	#FFFFFF	#D3D3D3	-28.45	5	10
237	#FFFFFF	#D3D3D3	-28	5.45	10
237	#FFFFFF	#D3D3D3	-27.55	5	10
237	#FFFFFF	#D3D3D3	-28	4.55	10
237	#FFFFFF	#D3D3D3	-28.45	5	10
222	#FFFFFF	#D3D3D3	-27.95	5.5	10
222	#FFFFFF	#D3D3D3	-27.5	5.95	10
222	#FFFFFF	#D3D3D3	-27.05	5.5	10
222	#FFFFFF	#D3D3D3	-27.5	5.05	10
222	#FFFFFF	#D3D3D3	-27.95	5.5	10
209	#FFFFFF	#D3D3D3	-27.45	6	10
209	#FFFFFF	#D3D3D3	-27	6.45	10
209	#FFFFFF	#D3D3D3	-26.55	6	10
209	#FFFFFF	#D3D3D3	-27	5.55	10
209	#FFFFFF	#D3D3D3	-27.45	6	10
195	#FFFFFF	#D3D3D3	-26.95	6.5	10
195	#FFFFFF	#D3D3D3	-26.5	6.95	10
195	#FFFFFF	#D3D3D3	-26.05	6.5	10
195	#FFFFFF	#D3D3D3	-26.5	6.05	10
195	#FFFFFF	#D3D3D3	-26.95	6.5	10
183	#FFFFFF	#D3D3D3	-26.45	7	10
183	#FFFFFF	#D3D3D3	-26	7.45	10
183	#FFFFFF	#D3D3D3	-25.55	7	10
183	#FFFFFF	#D3D3D3	-26	6.55	10
183	#FFFFFF	#D3D3D3	-26.45	7	10
170	#FFFFFF	#D3D3D3	-25.95	7.5	10
170	#FFFFFF	#D3D3D3	-25.5	7.95	10
170	#FFFFFF	#D3D3D3	-25.05	7.5	10
170	#FFFFFF	#D3D3D3	-25.5	7.05	10
170	#FFFFFF	#D3D3D3	-25.95	7.5	10
159	#FFFFFF	#D3D3D3	-25.45	8	20
159	#FFFFFF	#D3D3D3	-25	8.45	20
159	#FFFFFF	#D3D3D3	-24.55	8	20
159	#FFFFFF	#D3D3D3	-25	7.55	20
159	#FFFFFF	#D3D3D3	-25.45	8	20
147	#FFFFFF	#D3D3D3	-24.95	8.5	20
147	#FFFFFF	#D3D3D3	-24.5	8.95	20
147	#FFFFFF	#D3D3D3	-24.05	8.5	20
147	#FFFFFF	#D3D3D3	-24.5	8.05	20
147	#FFFFFF	#D3D3D3	-24.95	8.5	20
137	#FFFFFF	#D3D3D3	-24.45	9	20
137	#FFFFFF	#D3D3D3	-24	9.45	20
137	#FFFFFF	#D3D3D3	-23.55	9	20
137	#FFFFFF	#D3D3D3	-24	8.55	20
137	#FFFFFF	#D3D3D3	-24.45	9	20
126	#FFFFFF	#D3D3D3	-23.95	9.5	20
126	#FFFFFF	#D3D3D3	-23.5	9.95	20
126	#FFFFFF	#D3D3D3	-23.05	9.5	20
126	#FFFFFF	#D3D3D3	-23.5	9.05	20
126	#FFFFFF	#D3D3D3	-23.95	9.5	20
363	#E67CA5	#484848	-32.45	0	7
363	#E67CA5	#484848	-32	0.45	7
363	#E67CA5	#484848	-31.55	0	7
363	#E67CA5	#484848	-32	-0.45	7
363	#E67CA5	#484848	-32.45	0	7
346	#E67CA5	#484848	-31.95	0.5	7
346	#E67CA5	#484848	-31.5	0.95	7
346	#E67CA5	#484848	-31.05	0.5	7
346	#E67CA5	#484848	-31.5	0.05	7
346	#E67CA5	#484848	-31.95	0.5	7
329	#FEF7F9	#CACACA	-31.45	1	16
329	#FEF7F9	#CACACA	-31	1.45	16
329	#FEF7F9	#CACACA	-30.55	1	16
329	#FEF7F9	#CACACA	-31	0.55	16
329	#FEF7F9	#CACACA	-31.45	1	16
312	#FEF7F9	#CACACA	-30.95	1.5	16
312	#FEF7F9	#CACACA	-30.5	1.95	16
312	#FEF7F9	#CACACA	-30.05	1.5	16
312	#FEF7F9	#CACACA	-30.5	1.05	16
312	#FEF7F9	#CACACA	-30.95	1.5	16
303	#E984AA	#505050	-30.45	2	4
303	#E984AA	#505050	-30	2.45	4
303	#E984AA	#505050	-29.55	2	4
303	#E984AA	#505050	-30	1.55	4
303	#E984AA	#505050	-30.45	2	4
281	#E984AA	#505050	-29.95	2.5	4
281	#E984AA	#505050	-29.5	2.95	4
281	#E984AA	#505050	-29.05	2.5	4
281	#E984AA	#505050	-29.5	2.05	4
281	#E984AA	#505050	-29.95	2.5	4
266	#E984AA	#505050	-29.45	3	4
266	#E984AA	#505050	-29	3.45	4
266	#E984AA	#505050	-28.55	3	4
266	#E984AA	#505050	-29	2.55	4
266	#E984AA	#505050	-29.45	3	4
250	#E984AA	#505050	-28.95	3.5	4
250	#E984AA	#505050	-28.5	3.95	4
250	#E984AA	#505050	-28.05	3.5	4
250	#E984AA	#505050	-28.5	3.05	4
250	#E984AA	#505050	-28.95	3.5	4
236	#E984AA	#505050	-28.45	4	4
236	#E984AA	#505050	-28	4.45	4
236	#E984AA	#505050	-27.55	4	4
236	#E984AA	#505050	-28	3.55	4
236	#E984AA	#505050	-28.45	4	4
221	#E984AA	#505050	-27.95	4.5	4
221	#E984AA	#505050	-27.5	4.95	4
221	#E984AA	#505050	-27.05	4.5	4
221	#E984AA	#505050	-27.5	4.05	4
221	#E984AA	#505050	-27.95	4.5	4
208	#E984AA	#505050	-27.45	5	4
208	#E984AA	#505050	-27	5.45	4
208	#E984AA	#505050	-26.55	5	4
208	#E984AA	#505050	-27	4.55	4
208	#E984AA	#505050	-27.45	5	4
194	#E984AA	#505050	-26.95	5.5	4
194	#E984AA	#505050	-26.5	5.95	4
194	#E984AA	#505050	-26.05	5.5	4
194	#E984AA	#505050	-26.5	5.05	4
194	#E984AA	#505050	-26.95	5.5	4
182	#E984AA	#505050	-26.45	6	4
182	#E984AA	#505050	-26	6.45	4
182	#E984AA	#505050	-25.55	6	4
182	#E984AA	#505050	-26	5.55	4
182	#E984AA	#505050	-26.45	6	4
169	#FFFFFF	#D3D3D3	-25.95	6.5	10
169	#FFFFFF	#D3D3D3	-25.5	6.95	10
169	#FFFFFF	#D3D3D3	-25.05	6.5	10
169	#FFFFFF	#D3D3D3	-25.5	6.05	10
169	#FFFFFF	#D3D3D3	-25.95	6.5	10
158	#FFFFFF	#D3D3D3	-25.45	7	10
158	#FFFFFF	#D3D3D3	-25	7.45	10
158	#FFFFFF	#D3D3D3	-24.55	7	10
158	#FFFFFF	#D3D3D3	-25	6.55	10
158	#FFFFFF	#D3D3D3	-25.45	7	10
146	#FFFFFF	#D3D3D3	-24.95	7.5	20
146	#FFFFFF	#D3D3D3	-24.5	7.95	20
146	#FFFFFF	#D3D3D3	-24.05	7.5	20
146	#FFFFFF	#D3D3D3	-24.5	7.05	20
146	#FFFFFF	#D3D3D3	-24.95	7.5	20
136	#FFFFFF	#D3D3D3	-24.45	8	20
136	#FFFFFF	#D3D3D3	-24	8.45	20
136	#FFFFFF	#D3D3D3	-23.55	8	20
136	#FFFFFF	#D3D3D3	-24	7.55	20
136	#FFFFFF	#D3D3D3	-24.45	8	20
125	#FFFFFF	#D3D3D3	-23.95	8.5	20
125	#FFFFFF	#D3D3D3	-23.5	8.95	20
125	#FFFFFF	#D3D3D3	-23.05	8.5	20
125	#FFFFFF	#D3D3D3	-23.5	8.05	20
125	#FFFFFF	#D3D3D3	-23.95	8.5	20
116	#FFFFFF	#D3D3D3	-23.45	9	20
116	#FFFFFF	#D3D3D3	-23	9.45	20
116	#FFFFFF	#D3D3D3	-22.55	9	20
116	#FFFFFF	#D3D3D3	-23	8.55	20
116	#FFFFFF	#D3D3D3	-23.45	9	20
328	#E67CA5	#484848	-31.45	0	7
328	#E67CA5	#484848	-31	0.45	7
328	#E67CA5	#484848	-30.55	0	7
328	#E67CA5	#484848	-31	-0.45	7
328	#E67CA5	#484848	-31.45	0	7
311	#E67CA5	#484848	-30.95	0.5	7
311	#E67CA5	#484848	-30.5	0.95	7
311	#E67CA5	#484848	-30.05	0.5	7
311	#E67CA5	#484848	-30.5	0.05	7
311	#E67CA5	#484848	-30.95	0.5	7
295	#E67CA5	#484848	-30.45	1	7
295	#E67CA5	#484848	-30	1.45	7
295	#E67CA5	#484848	-29.55	1	7
295	#E67CA5	#484848	-30	0.55	7
295	#E67CA5	#484848	-30.45	1	7
274	#E984AA	#505050	-29.95	1.5	4
274	#E984AA	#505050	-29.5	1.95	4
274	#E984AA	#505050	-29.05	1.5	4
274	#E984AA	#505050	-29.5	1.05	4
274	#E984AA	#505050	-29.95	1.5	4
265	#E984AA	#505050	-29.45	2	4
265	#E984AA	#505050	-29	2.45	4
265	#E984AA	#505050	-28.55	2	4
265	#E984AA	#505050	-29	1.55	4
265	#E984AA	#505050	-29.45	2	4
249	#E984AA	#505050	-28.95	2.5	4
249	#E984AA	#505050	-28.5	2.95	4
249	#E984AA	#505050	-28.05	2.5	4
249	#E984AA	#505050	-28.5	2.05	4
249	#E984AA	#505050	-28.95	2.5	4
235	#E984AA	#505050	-28.45	3	4
235	#E984AA	#505050	-28	3.45	4
235	#E984AA	#505050	-27.55	3	4
235	#E984AA	#505050	-28	2.55	4
235	#E984AA	#505050	-28.45	3	4
220	#E984AA	#505050	-27.95	3.5	4
220	#E984AA	#505050	-27.5	3.95	4
220	#E984AA	#505050	-27.05	3.5	4
220	#E984AA	#505050	-27.5	3.05	4
220	#E984AA	#505050	-27.95	3.5	4
207	#E984AA	#505050	-27.45	4	4
207	#E984AA	#505050	-27	4.45	4
207	#E984AA	#505050	-26.55	4	4
207	#E984AA	#505050	-27	3.55	4
207	#E984AA	#505050	-27.45	4	4
193	#E984AA	#505050	-26.95	4.5	4
193	#E984AA	#505050	-26.5	4.95	4
193	#E984AA	#505050	-26.05	4.5	4
193	#E984AA	#505050	-26.5	4.05	4
193	#E984AA	#505050	-26.95	4.5	4
181	#E984AA	#505050	-26.45	5	4
181	#E984AA	#505050	-26	5.45	4
181	#E984AA	#505050	-25.55	5	4
181	#E984AA	#505050	-26	4.55	4
181	#E984AA	#505050	-26.45	5	4
168	#E984AA	#505050	-25.95	5.5	4
168	#E984AA	#505050	-25.5	5.95	4
168	#E984AA	#505050	-25.05	5.5	4
168	#E984AA	#505050	-25.5	5.05	4
168	#E984AA	#505050	-25.95	5.5	4
157	#FFFFFF	#D3D3D3	-25.45	6	10
157	#FFFFFF	#D3D3D3	-25	6.45	10
157	#FFFFFF	#D3D3D3	-24.55	6	10
157	#FFFFFF	#D3D3D3	-25	5.55	10
157	#FFFFFF	#D3D3D3	-25.45	6	10
145	#FFFFFF	#D3D3D3	-24.95	6.5	10
145	#FFFFFF	#D3D3D3	-24.5	6.95	10
145	#FFFFFF	#D3D3D3	-24.05	6.5	10
145	#FFFFFF	#D3D3D3	-24.5	6.05	10
145	#FFFFFF	#D3D3D3	-24.95	6.5	10
135	#FFFFFF	#D3D3D3	-24.45	7	20
135	#FFFFFF	#D3D3D3	-24	7.45	20
135	#FFFFFF	#D3D3D3	-23.55	7	20
135	#FFFFFF	#D3D3D3	-24	6.55	20
135	#FFFFFF	#D3D3D3	-24.45	7	20
124	#FFFFFF	#D3D3D3	-23.95	7.5	20
124	#FFFFFF	#D3D3D3	-23.5	7.95	20
124	#FFFFFF	#D3D3D3	-23.05	7.5	20
124	#FFFFFF	#D3D3D3	-23.5	7.05	20
124	#FFFFFF	#D3D3D3	-23.95	7.5	20
115	#FFFFFF	#D3D3D3	-23.45	8	20
115	#FFFFFF	#D3D3D3	-23	8.45	20
115	#FFFFFF	#D3D3D3	-22.55	8	20
115	#FFFFFF	#D3D3D3	-23	7.55	20
115	#FFFFFF	#D3D3D3	-23.45	8	20
106	#FFFFFF	#D3D3D3	-22.95	8.5	20
106	#FFFFFF	#D3D3D3	-22.5	8.95	20
106	#FFFFFF	#D3D3D3	-22.05	8.5	20
106	#FFFFFF	#D3D3D3	-22.5	8.05	20
106	#FFFFFF	#D3D3D3	-22.95	8.5	20
294	#E67CA5	#484848	-30.45	0	7
294	#E67CA5	#484848	-30	0.45	7
294	#E67CA5	#484848	-29.55	0	7
294	#E67CA5	#484848	-30	-0.45	7
294	#E67CA5	#484848	-30.45	0	7
273	#E67CA5	#484848	-29.95	0.5	7
273	#E67CA5	#484848	-29.5	0.95	7
273	#E67CA5	#484848	-29.05	0.5	7
273	#E67CA5	#484848	-29.5	0.05	7
273	#E67CA5	#484848	-29.95	0.5	7
258	#E984AA	#505050	-29.45	1	4
258	#E984AA	#505050	-29	1.45	4
258	#E984AA	#505050	-28.55	1	4
258	#E984AA	#505050	-29	0.55	4
258	#E984AA	#505050	-29.45	1	4
243	#E984AA	#505050	-28.95	1.5	4
243	#E984AA	#505050	-28.5	1.95	4
243	#E984AA	#505050	-28.05	1.5	4
243	#E984AA	#505050	-28.5	1.05	4
243	#E984AA	#505050	-28.95	1.5	4
234	#E984AA	#505050	-28.45	2	4
234	#E984AA	#505050	-28	2.45	4
234	#E984AA	#505050	-27.55	2	4
234	#E984AA	#505050	-28	1.55	4
234	#E984AA	#505050	-28.45	2	4
219	#E984AA	#505050	-27.95	2.5	4
219	#E984AA	#505050	-27.5	2.95	4
219	#E984AA	#505050	-27.05	2.5	4
219	#E984AA	#505050	-27.5	2.05	4
219	#E984AA	#505050	-27.95	2.5	4
206	#E984AA	#505050	-27.45	3	4
206	#E984AA	#505050	-27	3.45	4
206	#E984AA	#505050	-26.55	3	4
206	#E984AA	#505050	-27	2.55	4
206	#E984AA	#505050	-27.45	3	4
192	#E984AA	#505050	-26.95	3.5	4
192	#E984AA	#505050	-26.5	3.95	4
192	#E984AA	#505050	-26.05	3.5	4
192	#E984AA	#505050	-26.5	3.05	4
192	#E984AA	#505050	-26.95	3.5	4
180	#E984AA	#505050	-26.45	4	4
180	#E984AA	#505050	-26	4.45	4
180	#E984AA	#505050	-25.55	4	4
180	#E984AA	#505050	-26	3.55	4
180	#E984AA	#505050	-26.45	4	4
167	#E984AA	#505050	-25.95	4.5	4
167	#E984AA	#505050	-25.5	4.95	4
167	#E984AA	#505050	-25.05	4.5	4
167	#E984AA	#505050	-25.5	4.05	4
167	#E984AA	#505050	-25.95	4.5	4
156	#F4B3C9	#7E7E7E	-25.45	5	35
156	#F4B3C9	#7E7E7E	-25	5.45	35
156	#F4B3C9	#7E7E7E	-24.55	5	35
156	#F4B3C9	#7E7E7E	-25	4.55	35
156	#F4B3C9	#7E7E7E	-25.45	5	35
144	#FFFFFF	#D3D3D3	-24.95	5.5	10
144	#FFFFFF	#D3D3D3	-24.5	5.95	10
144	#FFFFFF	#D3D3D3	-24.05	5.5	10
144	#FFFFFF	#D3D3D3	-24.5	5.05	10
144	#FFFFFF	#D3D3D3	-24.95	5.5	10
134	#FFFFFF	#D3D3D3	-24.45	6	10
134	#FFFFFF	#D3D3D3	-24	6.45	10
134	#FFFFFF	#D3D3D3	-23.55	6	10
134	#FFFFFF	#D3D3D3	-24	5.55	10
134	#FFFFFF	#D3D3D3	-24.45	6	10
123	#FFFFFF	#D3D3D3	-23.95	6.5	20
123	#FFFFFF	#D3D3D3	-23.5	6.95	20
123	#FFFFFF	#D3D3D3	-23.05	6.5	20
123	#FFFFFF	#D3D3D3	-23.5	6.05	20
123	#FFFFFF	#D3D3D3	-23.95	6.5	20
114	#FFFFFF	#D3D3D3	-23.45	7	20
114	#FFFFFF	#D3D3D3	-23	7.45	20
114	#FFFFFF	#D3D3D3	-22.55	7	20
114	#FFFFFF	#D3D3D3	-23	6.55	20
114	#FFFFFF	#D3D3D3	-23.45	7	20
105	#FFFFFF	#D3D3D3	-22.95	7.5	20
105	#FFFFFF	#D3D3D3	-22.5	7.95	20
105	#FFFFFF	#D3D3D3	-22.05	7.5	20
105	#FFFFFF	#D3D3D3	-22.5	7.05	20
105	#FFFFFF	#D3D3D3	-22.95	7.5	20
97	#FFFFFF	#D3D3D3	-22.45	8	20
97	#FFFFFF	#D3D3D3	-22	8.45	20
97	#FFFFFF	#D3D3D3	-21.55	8	20
97	#FFFFFF	#D3D3D3	-22	7.55	20
97	#FFFFFF	#D3D3D3	-22.45	8	20
257	#E67CA5	#484848	-29.45	0	7
257	#E67CA5	#484848	-29	0.45	7
257	#E67CA5	#484848	-28.55	0	7
257	#E67CA5	#484848	-29	-0.45	7
257	#E67CA5	#484848	-29.45	0	7
242	#E67CA5	#484848	-28.95	0.5	7
242	#E67CA5	#484848	-28.5	0.95	7
242	#E67CA5	#484848	-28.05	0.5	7
242	#E67CA5	#484848	-28.5	0.05	7
242	#E67CA5	#484848	-28.95	0.5	7
228	#F4B3C9	#7E7E7E	-28.45	1	35
228	#F4B3C9	#7E7E7E	-28	1.45	35
228	#F4B3C9	#7E7E7E	-27.55	1	35
228	#F4B3C9	#7E7E7E	-28	0.55	35
228	#F4B3C9	#7E7E7E	-28.45	1	35
214	#F4B3C9	#7E7E7E	-27.95	1.5	35
214	#F4B3C9	#7E7E7E	-27.5	1.95	35
214	#F4B3C9	#7E7E7E	-27.05	1.5	35
214	#F4B3C9	#7E7E7E	-27.5	1.05	35
214	#F4B3C9	#7E7E7E	-27.95	1.5	35
205	#F4B3C9	#7E7E7E	-27.45	2	35
205	#F4B3C9	#7E7E7E	-27	2.45	35
205	#F4B3C9	#7E7E7E	-26.55	2	35
205	#F4B3C9	#7E7E7E	-27	1.55	35
205	#F4B3C9	#7E7E7E	-27.45	2	35
191	#F4B3C9	#7E7E7E	-26.95	2.5	35
191	#F4B3C9	#7E7E7E	-26.5	2.95	35
191	#F4B3C9	#7E7E7E	-26.05	2.5	35
191	#F4B3C9	#7E7E7E	-26.5	2.05	35
191	#F4B3C9	#7E7E7E	-26.95	2.5	35
179	#F4B3C9	#7E7E7E	-26.45	3	35
179	#F4B3C9	#7E7E7E	-26	3.45	35
179	#F4B3C9	#7E7E7E	-25.55	3	35
179	#F4B3C9	#7E7E7E	-26	2.55	35
179	#F4B3C9	#7E7E7E	-26.45	3	35
166	#F4B3C9	#7E7E7E	-25.95	3.5	35
166	#F4B3C9	#7E7E7E	-25.5	3.95	35
166	#F4B3C9	#7E7E7E	-25.05	3.5	35
166	#F4B3C9	#7E7E7E	-25.5	3.05	35
166	#F4B3C9	#7E7E7E	-25.95	3.5	35
155	#F4B3C9	#7E7E7E	-25.45	4	35
155	#F4B3C9	#7E7E7E	-25	4.45	35
155	#F4B3C9	#7E7E7E	-24.55	4	35
155	#F4B3C9	#7E7E7E	-25	3.55	35
155	#F4B3C9	#7E7E7E	-25.45	4	35
143	#F4B3C9	#7E7E7E	-24.95	4.5	35
143	#F4B3C9	#7E7E7E	-24.5	4.95	35
143	#F4B3C9	#7E7E7E	-24.05	4.5	35
143	#F4B3C9	#7E7E7E	-24.5	4.05	35
143	#F4B3C9	#7E7E7E	-24.95	4.5	35
133	#FFFFFF	#D3D3D3	-24.45	5	24
133	#FFFFFF	#D3D3D3	-24	5.45	24
133	#FFFFFF	#D3D3D3	-23.55	5	24
133	#FFFFFF	#D3D3D3	-24	4.55	24
133	#FFFFFF	#D3D3D3	-24.45	5	24
122	#FFFFFF	#D3D3D3	-23.95	5.5	10
122	#FFFFFF	#D3D3D3	-23.5	5.95	10
122	#FFFFFF	#D3D3D3	-23.05	5.5	10
122	#FFFFFF	#D3D3D3	-23.5	5.05	10
122	#FFFFFF	#D3D3D3	-23.95	5.5	10
113	#FFFFFF	#D3D3D3	-23.45	6	20
113	#FFFFFF	#D3D3D3	-23	6.45	20
113	#FFFFFF	#D3D3D3	-22.55	6	20
113	#FFFFFF	#D3D3D3	-23	5.55	20
113	#FFFFFF	#D3D3D3	-23.45	6	20
104	#FFFFFF	#D3D3D3	-22.95	6.5	10
104	#FFFFFF	#D3D3D3	-22.5	6.95	10
104	#FFFFFF	#D3D3D3	-22.05	6.5	10
104	#FFFFFF	#D3D3D3	-22.5	6.05	10
104	#FFFFFF	#D3D3D3	-22.95	6.5	10
96	#FFFFFF	#D3D3D3	-22.45	7	10
96	#FFFFFF	#D3D3D3	-22	7.45	10
96	#FFFFFF	#D3D3D3	-21.55	7	10
96	#FFFFFF	#D3D3D3	-22	6.55	10
96	#FFFFFF	#D3D3D3	-22.45	7	10
88	#FFFFFF	#D3D3D3	-21.95	7.5	10
88	#FFFFFF	#D3D3D3	-21.5	7.95	10
88	#FFFFFF	#D3D3D3	-21.05	7.5	10
88	#FFFFFF	#D3D3D3	-21.5	7.05	10
88	#FFFFFF	#D3D3D3	-21.95	7.5	10
227	#E67CA5	#484848	-28.45	0	7
227	#E67CA5	#484848	-28	0.45	7
227	#E67CA5	#484848	-27.55	0	7
227	#E67CA5	#484848	-28	-0.45	7
227	#E67CA5	#484848	-28.45	0	7
213	#E67CA5	#484848	-27.95	0.5	7
213	#E67CA5	#484848	-27.5	0.95	7
213	#E67CA5	#484848	-27.05	0.5	7
213	#E67CA5	#484848	-27.5	0.05	7
213	#E67CA5	#484848	-27.95	0.5	7
200	#F4B3C9	#7E7E7E	-27.45	1	35
200	#F4B3C9	#7E7E7E	-27	1.45	35
200	#F4B3C9	#7E7E7E	-26.55	1	35
200	#F4B3C9	#7E7E7E	-27	0.55	35
200	#F4B3C9	#7E7E7E	-27.45	1	35
187	#F4B3C9	#7E7E7E	-26.95	1.5	35
187	#F4B3C9	#7E7E7E	-26.5	1.95	35
187	#F4B3C9	#7E7E7E	-26.05	1.5	35
187	#F4B3C9	#7E7E7E	-26.5	1.05	35
187	#F4B3C9	#7E7E7E	-26.95	1.5	35
178	#F4B3C9	#7E7E7E	-26.45	2	35
178	#F4B3C9	#7E7E7E	-26	2.45	35
178	#F4B3C9	#7E7E7E	-25.55	2	35
178	#F4B3C9	#7E7E7E	-26	1.55	35
178	#F4B3C9	#7E7E7E	-26.45	2	35
165	#F4B3C9	#7E7E7E	-25.95	2.5	35
165	#F4B3C9	#7E7E7E	-25.5	2.95	35
165	#F4B3C9	#7E7E7E	-25.05	2.5	35
165	#F4B3C9	#7E7E7E	-25.5	2.05	35
165	#F4B3C9	#7E7E7E	-25.95	2.5	35
154	#F4B3C9	#7E7E7E	-25.45	3	35
154	#F4B3C9	#7E7E7E	-25	3.45	35
154	#F4B3C9	#7E7E7E	-24.55	3	35
154	#F4B3C9	#7E7E7E	-25	2.55	35
154	#F4B3C9	#7E7E7E	-25.45	3	35
142	#F4B3C9	#7E7E7E	-24.95	3.5	35
142	#F4B3C9	#7E7E7E	-24.5	3.95	35
142	#F4B3C9	#7E7E7E	-24.05	3.5	35
142	#F4B3C9	#7E7E7E	-24.5	3.05	35
142	#F4B3C9	#7E7E7E	-24.95	3.5	35
132	#FFFFFF	#D3D3D3	-24.45	4	24
132	#FFFFFF	#D3D3D3	-24	4.45	24
132	#FFFFFF	#D3D3D3	-23.55	4	24
132	#FFFFFF	#D3D3D3	-24	3.55	24
132	#FFFFFF	#D3D3D3	-24.45	4	24
121	#FFFFFF	#D3D3D3	-23.95	4.5	24
121	#FFFFFF	#D3D3D3	-23.5	4.95	24
121	#FFFFFF	#D3D3D3	-23.05	4.5	24
121	#FFFFFF	#D3D3D3	-23.5	4.05	24
121	#FFFFFF	#D3D3D3	-23.95	4.5	24
112	#FFFFFF	#D3D3D3	-23.45	5	10
112	#FFFFFF	#D3D3D3	-23	5.45	10
112	#FFFFFF	#D3D3D3	-22.55	5	10
112	#FFFFFF	#D3D3D3	-23	4.55	10
112	#FFFFFF	#D3D3D3	-23.45	5	10
103	#FFFFFF	#D3D3D3	-22.95	5.5	10
103	#FFFFFF	#D3D3D3	-22.5	5.95	10
103	#FFFFFF	#D3D3D3	-22.05	5.5	10
103	#FFFFFF	#D3D3D3	-22.5	5.05	10
103	#FFFFFF	#D3D3D3	-22.95	5.5	10
95	#FFFFFF	#D3D3D3	-22.45	6	10
95	#FFFFFF	#D3D3D3	-22	6.45	10
95	#FFFFFF	#D3D3D3	-21.55	6	10
95	#FFFFFF	#D3D3D3	-22	5.55	10
95	#FFFFFF	#D3D3D3	-22.45	6	10
87	#FFFFFF	#D3D3D3	-21.95	6.5	10
87	#FFFFFF	#D3D3D3	-21.5	6.95	10
87	#FFFFFF	#D3D3D3	-21.05	6.5	10
87	#FFFFFF	#D3D3D3	-21.5	6.05	10
87	#FFFFFF	#D3D3D3	-21.95	6.5	10
80	#FFFFFF	#D3D3D3	-21.45	7	10
80	#FFFFFF	#D3D3D3	-21	7.45	10
80	#FFFFFF	#D3D3D3	-20.55	7	10
80	#FFFFFF	#D3D3D3	-21	6.55	10
80	#FFFFFF	#D3D3D3	-21.45	7	10
199	#E67CA5	#484848	-27.45	0	7
199	#E67CA5	#484848	-27	0.45	7
199	#E67CA5	#484848	-26.55	0	7
199	#E67CA5	#484848	-27	-0.45	7
199	#E67CA5	#484848	-27.45	0	7
186	#E67CA5	#484848	-26.95	0.5	7
186	#E67CA5	#484848	-26.5	0.95	7
186	#E67CA5	#484848	-26.05	0.5	7
186	#E67CA5	#484848	-26.5	0.05	7
186	#E67CA5	#484848	-26.95	0.5	7
174	#E67CA5	#484848	-26.45	1	7
174	#E67CA5	#484848	-26	1.45	7
174	#E67CA5	#484848	-25.55	1	7
174	#E67CA5	#484848	-26	0.55	7
174	#E67CA5	#484848	-26.45	1	7
162	#E67CA5	#484848	-25.95	1.5	7
162	#E67CA5	#484848	-25.5	1.95	7
162	#E67CA5	#484848	-25.05	1.5	7
162	#E67CA5	#484848	-25.5	1.05	7
162	#E67CA5	#484848	-25.95	1.5	7
153	#F4B3C9	#7E7E7E	-25.45	2	35
153	#F4B3C9	#7E7E7E	-25	2.45	35
153	#F4B3C9	#7E7E7E	-24.55	2	35
153	#F4B3C9	#7E7E7E	-25	1.55	35
153	#F4B3C9	#7E7E7E	-25.45	2	35
141	#F4B3C9	#7E7E7E	-24.95	2.5	35
141	#F4B3C9	#7E7E7E	-24.5	2.95	35
141	#F4B3C9	#7E7E7E	-24.05	2.5	35
141	#F4B3C9	#7E7E7E	-24.5	2.05	35
141	#F4B3C9	#7E7E7E	-24.95	2.5	35
131	#F4B3C9	#7E7E7E	-24.45	3	35
131	#F4B3C9	#7E7E7E	-24	3.45	35
131	#F4B3C9	#7E7E7E	-23.55	3	35
131	#F4B3C9	#7E7E7E	-24	2.55	35
131	#F4B3C9	#7E7E7E	-24.45	3	35
120	#FFFFFF	#D3D3D3	-23.95	3.5	24
120	#FFFFFF	#D3D3D3	-23.5	3.95	24
120	#FFFFFF	#D3D3D3	-23.05	3.5	24
120	#FFFFFF	#D3D3D3	-23.5	3.05	24
120	#FFFFFF	#D3D3D3	-23.95	3.5	24
111	#FFFFFF	#D3D3D3	-23.45	4	24
111	#FFFFFF	#D3D3D3	-23	4.45	24
111	#FFFFFF	#D3D3D3	-22.55	4	24
111	#FFFFFF	#D3D3D3	-23	3.55	24
111	#FFFFFF	#D3D3D3	-23.45	4	24
102	#FFFFFF	#D3D3D3	-22.95	4.5	24
102	#FFFFFF	#D3D3D3	-22.5	4.95	24
102	#FFFFFF	#D3D3D3	-22.05	4.5	24
102	#FFFFFF	#D3D3D3	-22.5	4.05	24
102	#FFFFFF	#D3D3D3	-22.95	4.5	24
94	#FFFFFF	#D3D3D3	-22.45	5	10
94	#FFFFFF	#D3D3D3	-22	5.45	10
94	#FFFFFF	#D3D3D3	-21.55	5	10
94	#FFFFFF	#D3D3D3	-22	4.55	10
94	#FFFFFF	#D3D3D3	-22.45	5	10
86	#FFFFFF	#D3D3D3	-21.95	5.5	10
86	#FFFFFF	#D3D3D3	-21.5	5.95	10
86	#FFFFFF	#D3D3D3	-21.05	5.5	10
86	#FFFFFF	#D3D3D3	-21.5	5.05	10
86	#FFFFFF	#D3D3D3	-21.95	5.5	10
79	#FFFFFF	#D3D3D3	-21.45	6	10
79	#FFFFFF	#D3D3D3	-21	6.45	10
79	#FFFFFF	#D3D3D3	-20.55	6	10
79	#FFFFFF	#D3D3D3	-21	5.55	10
79	#FFFFFF	#D3D3D3	-21.45	6	10
72	#FFFFFF	#D3D3D3	-20.95	6.5	10
72	#FFFFFF	#D3D3D3	-20.5	6.95	10
72	#FFFFFF	#D3D3D3	-20.05	6.5	10
72	#FFFFFF	#D3D3D3	-20.5	6.05	10
72	#FFFFFF	#D3D3D3	-20.95	6.5	10
173	#E67CA5	#484848	-26.45	0	7
173	#E67CA5	#484848	-26	0.45	7
173	#E67CA5	#484848	-25.55	0	7
173	#E67CA5	#484848	-26	-0.45	7
173	#E67CA5	#484848	-26.45	0	7
161	#E67CA5	#484848	-25.95	0.5	7
161	#E67CA5	#484848	-25.5	0.95	7
161	#E67CA5	#484848	-25.05	0.5	7
161	#E67CA5	#484848	-25.5	0.05	7
161	#E67CA5	#484848	-25.95	0.5	7
150	#E67CA5	#484848	-25.45	1	7
150	#E67CA5	#484848	-25	1.45	7
150	#E67CA5	#484848	-24.55	1	7
150	#E67CA5	#484848	-25	0.55	7
150	#E67CA5	#484848	-25.45	1	7
139	#F4B3C9	#7E7E7E	-24.95	1.5	35
139	#F4B3C9	#7E7E7E	-24.5	1.95	35
139	#F4B3C9	#7E7E7E	-24.05	1.5	35
139	#F4B3C9	#7E7E7E	-24.5	1.05	35
139	#F4B3C9	#7E7E7E	-24.95	1.5	35
130	#F4B3C9	#7E7E7E	-24.45	2	35
130	#F4B3C9	#7E7E7E	-24	2.45	35
130	#F4B3C9	#7E7E7E	-23.55	2	35
130	#F4B3C9	#7E7E7E	-24	1.55	35
130	#F4B3C9	#7E7E7E	-24.45	2	35
119	#FFFFFF	#D3D3D3	-23.95	2.5	24
119	#FFFFFF	#D3D3D3	-23.5	2.95	24
119	#FFFFFF	#D3D3D3	-23.05	2.5	24
119	#FFFFFF	#D3D3D3	-23.5	2.05	24
119	#FFFFFF	#D3D3D3	-23.95	2.5	24
110	#FFFFFF	#D3D3D3	-23.45	3	24
110	#FFFFFF	#D3D3D3	-23	3.45	24
110	#FFFFFF	#D3D3D3	-22.55	3	24
110	#FFFFFF	#D3D3D3	-23	2.55	24
110	#FFFFFF	#D3D3D3	-23.45	3	24
101	#FFFFFF	#D3D3D3	-22.95	3.5	24
101	#FFFFFF	#D3D3D3	-22.5	3.95	24
101	#FFFFFF	#D3D3D3	-22.05	3.5	24
101	#FFFFFF	#D3D3D3	-22.5	3.05	24
101	#FFFFFF	#D3D3D3	-22.95	3.5	24
93	#FFFFFF	#D3D3D3	-22.45	4	24
93	#FFFFFF	#D3D3D3	-22	4.45	24
93	#FFFFFF	#D3D3D3	-21.55	4	24
93	#FFFFFF	#D3D3D3	-22	3.55	24
93	#FFFFFF	#D3D3D3	-22.45	4	24
85	#FFFFFF	#D3D3D3	-21.95	4.5	10
85	#FFFFFF	#D3D3D3	-21.5	4.95	10
85	#FFFFFF	#D3D3D3	-21.05	4.5	10
85	#FFFFFF	#D3D3D3	-21.5	4.05	10
85	#FFFFFF	#D3D3D3	-21.95	4.5	10
78	#FFFFFF	#D3D3D3	-21.45	5	10
78	#FFFFFF	#D3D3D3	-21	5.45	10
78	#FFFFFF	#D3D3D3	-20.55	5	10
78	#FFFFFF	#D3D3D3	-21	4.55	10
78	#FFFFFF	#D3D3D3	-21.45	5	10
71	#FFFFFF	#D3D3D3	-20.95	5.5	10
71	#FFFFFF	#D3D3D3	-20.5	5.95	10
71	#FFFFFF	#D3D3D3	-20.05	5.5	10
71	#FFFFFF	#D3D3D3	-20.5	5.05	10
71	#FFFFFF	#D3D3D3	-20.95	5.5	10
65	#FFFFFF	#D3D3D3	-20.45	6	10
65	#FFFFFF	#D3D3D3	-20	6.45	10
65	#FFFFFF	#D3D3D3	-19.55	6	10
65	#FFFFFF	#D3D3D3	-20	5.55	10
65	#FFFFFF	#D3D3D3	-20.45	6	10
149	#E67CA5	#484848	-25.45	0	7
149	#E67CA5	#484848	-25	0.45	7
149	#E67CA5	#484848	-24.55	0	7
149	#E67CA5	#484848	-25	-0.45	7
149	#E67CA5	#484848	-25.45	0	7
138	#E67CA5	#484848	-24.95	0.5	7
138	#E67CA5	#484848	-24.5	0.95	7
138	#E67CA5	#484848	-24.05	0.5	7
138	#E67CA5	#484848	-24.5	0.05	7
138	#E67CA5	#484848	-24.95	0.5	7
128	#F4B3C9	#7E7E7E	-24.45	1	35
128	#F4B3C9	#7E7E7E	-24	1.45	35
128	#F4B3C9	#7E7E7E	-23.55	1	35
128	#F4B3C9	#7E7E7E	-24	0.55	35
128	#F4B3C9	#7E7E7E	-24.45	1	35
118	#F4B3C9	#7E7E7E	-23.95	1.5	35
118	#F4B3C9	#7E7E7E	-23.5	1.95	35
118	#F4B3C9	#7E7E7E	-23.05	1.5	35
118	#F4B3C9	#7E7E7E	-23.5	1.05	35
118	#F4B3C9	#7E7E7E	-23.95	1.5	35
109	#FFFFFF	#D3D3D3	-23.45	2	24
109	#FFFFFF	#D3D3D3	-23	2.45	24
109	#FFFFFF	#D3D3D3	-22.55	2	24
109	#FFFFFF	#D3D3D3	-23	1.55	24
109	#FFFFFF	#D3D3D3	-23.45	2	24
100	#FFFFFF	#D3D3D3	-22.95	2.5	24
100	#FFFFFF	#D3D3D3	-22.5	2.95	24
100	#FFFFFF	#D3D3D3	-22.05	2.5	24
100	#FFFFFF	#D3D3D3	-22.5	2.05	24
100	#FFFFFF	#D3D3D3	-22.95	2.5	24
92	#FFFFFF	#D3D3D3	-22.45	3	24
92	#FFFFFF	#D3D3D3	-22	3.45	24
92	#FFFFFF	#D3D3D3	-21.55	3	24
92	#FFFFFF	#D3D3D3	-22	2.55	24
92	#FFFFFF	#D3D3D3	-22.45	3	24
84	#FFFFFF	#D3D3D3	-21.95	3.5	24
84	#FFFFFF	#D3D3D3	-21.5	3.95	24
84	#FFFFFF	#D3D3D3	-21.05	3.5	24
84	#FFFFFF	#D3D3D3	-21.5	3.05	24
84	#FFFFFF	#D3D3D3	-21.95	3.5	24
77	#FFFFFF	#D3D3D3	-21.45	4	10
77	#FFFFFF	#D3D3D3	-21	4.45	10
77	#FFFFFF	#D3D3D3	-20.55	4	10
77	#FFFFFF	#D3D3D3	-21	3.55	10
77	#FFFFFF	#D3D3D3	-21.45	4	10
70	#FFFFFF	#D3D3D3	-20.95	4.5	10
70	#FFFFFF	#D3D3D3	-20.5	4.95	10
70	#FFFFFF	#D3D3D3	-20.05	4.5	10
70	#FFFFFF	#D3D3D3	-20.5	4.05	10
70	#FFFFFF	#D3D3D3	-20.95	4.5	10
64	#FFFFFF	#D3D3D3	-20.45	5	10
64	#FFFFFF	#D3D3D3	-20	5.45	10
64	#FFFFFF	#D3D3D3	-19.55	5	10
64	#FFFFFF	#D3D3D3	-20	4.55	10
64	#FFFFFF	#D3D3D3	-20.45	5	10
52	#FFFFFF	#D3D3D3	-19.95	5.5	10
52	#FFFFFF	#D3D3D3	-19.5	5.95	10
52	#FFFFFF	#D3D3D3	-19.05	5.5	10
52	#FFFFFF	#D3D3D3	-19.5	5.05	10
52	#FFFFFF	#D3D3D3	-19.95	5.5	10
127	#E67CA5	#484848	-24.45	0	7
127	#E67CA5	#484848	-24	0.45	7
127	#E67CA5	#484848	-23.55	0	7
127	#E67CA5	#484848	-24	-0.45	7
127	#E67CA5	#484848	-24.45	0	7
117	#E67CA5	#484848	-23.95	0.5	7
117	#E67CA5	#484848	-23.5	0.95	7
117	#E67CA5	#484848	-23.05	0.5	7
117	#E67CA5	#484848	-23.5	0.05	7
117	#E67CA5	#484848	-23.95	0.5	7
108	#F4B3C9	#7E7E7E	-23.45	1	35
108	#F4B3C9	#7E7E7E	-23	1.45	35
108	#F4B3C9	#7E7E7E	-22.55	1	35
108	#F4B3C9	#7E7E7E	-23	0.55	35
108	#F4B3C9	#7E7E7E	-23.45	1	35
99	#F4B3C9	#7E7E7E	-22.95	1.5	35
99	#F4B3C9	#7E7E7E	-22.5	1.95	35
99	#F4B3C9	#7E7E7E	-22.05	1.5	35
99	#F4B3C9	#7E7E7E	-22.5	1.05	35
99	#F4B3C9	#7E7E7E	-22.95	1.5	35
91	#FFFFFF	#D3D3D3	-22.45	2	24
91	#FFFFFF	#D3D3D3	-22	2.45	24
91	#FFFFFF	#D3D3D3	-21.55	2	24
91	#FFFFFF	#D3D3D3	-22	1.55	24
91	#FFFFFF	#D3D3D3	-22.45	2	24
83	#F4B3C9	#7E7E7E	-21.95	2.5	35
83	#F4B3C9	#7E7E7E	-21.5	2.95	35
83	#F4B3C9	#7E7E7E	-21.05	2.5	35
83	#F4B3C9	#7E7E7E	-21.5	2.05	35
83	#F4B3C9	#7E7E7E	-21.95	2.5	35
76	#FFFFFF	#D3D3D3	-21.45	3	24
76	#FFFFFF	#D3D3D3	-21	3.45	24
76	#FFFFFF	#D3D3D3	-20.55	3	24
76	#FFFFFF	#D3D3D3	-21	2.55	24
76	#FFFFFF	#D3D3D3	-21.45	3	24
69	#FFFFFF	#D3D3D3	-20.95	3.5	10
69	#FFFFFF	#D3D3D3	-20.5	3.95	10
69	#FFFFFF	#D3D3D3	-20.05	3.5	10
69	#FFFFFF	#D3D3D3	-20.5	3.05	10
69	#FFFFFF	#D3D3D3	-20.95	3.5	10
63	#FFFFFF	#D3D3D3	-20.45	4	10
63	#FFFFFF	#D3D3D3	-20	4.45	10
63	#FFFFFF	#D3D3D3	-19.55	4	10
63	#FFFFFF	#D3D3D3	-20	3.55	10
63	#FFFFFF	#D3D3D3	-20.45	4	10
51	#FFFFFF	#D3D3D3	-19.95	4.5	10
51	#FFFFFF	#D3D3D3	-19.5	4.95	10
51	#FFFFFF	#D3D3D3	-19.05	4.5	10
51	#FFFFFF	#D3D3D3	-19.5	4.05	10
51	#FFFFFF	#D3D3D3	-19.95	4.5	10
46	#FFFFFF	#D3D3D3	-19.45	5	10
46	#FFFFFF	#D3D3D3	-19	5.45	10
46	#FFFFFF	#D3D3D3	-18.55	5	10
46	#FFFFFF	#D3D3D3	-19	4.55	10
46	#FFFFFF	#D3D3D3	-19.45	5	10
107	#E67CA5	#484848	-23.45	0	7
107	#E67CA5	#484848	-23	0.45	7
107	#E67CA5	#484848	-22.55	0	7
107	#E67CA5	#484848	-23	-0.45	7
107	#E67CA5	#484848	-23.45	0	7
98	#E67CA5	#484848	-22.95	0.5	7
98	#E67CA5	#484848	-22.5	0.95	7
98	#E67CA5	#484848	-22.05	0.5	7
98	#E67CA5	#484848	-22.5	0.05	7
98	#E67CA5	#484848	-22.95	0.5	7
90	#F4B3C9	#7E7E7E	-22.45	1	35
90	#F4B3C9	#7E7E7E	-22	1.45	35
90	#F4B3C9	#7E7E7E	-21.55	1	35
90	#F4B3C9	#7E7E7E	-22	0.55	35
90	#F4B3C9	#7E7E7E	-22.45	1	35
82	#F4B3C9	#7E7E7E	-21.95	1.5	35
82	#F4B3C9	#7E7E7E	-21.5	1.95	35
82	#F4B3C9	#7E7E7E	-21.05	1.5	35
82	#F4B3C9	#7E7E7E	-21.5	1.05	35
82	#F4B3C9	#7E7E7E	-21.95	1.5	35
75	#F4B3C9	#7E7E7E	-21.45	2	35
75	#F4B3C9	#7E7E7E	-21	2.45	35
75	#F4B3C9	#7E7E7E	-20.55	2	35
75	#F4B3C9	#7E7E7E	-21	1.55	35
75	#F4B3C9	#7E7E7E	-21.45	2	35
68	#FFFFFF	#D3D3D3	-20.95	2.5	24
68	#FFFFFF	#D3D3D3	-20.5	2.95	24
68	#FFFFFF	#D3D3D3	-20.05	2.5	24
68	#FFFFFF	#D3D3D3	-20.5	2.05	24
68	#FFFFFF	#D3D3D3	-20.95	2.5	24
62	#FFFFFF	#D3D3D3	-20.45	3	10
62	#FFFFFF	#D3D3D3	-20	3.45	10
62	#FFFFFF	#D3D3D3	-19.55	3	10
62	#FFFFFF	#D3D3D3	-20	2.55	10
62	#FFFFFF	#D3D3D3	-20.45	3	10
50	#FFFFFF	#D3D3D3	-19.95	3.5	10
50	#FFFFFF	#D3D3D3	-19.5	3.95	10
50	#FFFFFF	#D3D3D3	-19.05	3.5	10
50	#FFFFFF	#D3D3D3	-19.5	3.05	10
50	#FFFFFF	#D3D3D3	-19.95	3.5	10
45	#FFFFFF	#D3D3D3	-19.45	4	10
45	#FFFFFF	#D3D3D3	-19	4.45	10
45	#FFFFFF	#D3D3D3	-18.55	4	10
45	#FFFFFF	#D3D3D3	-19	3.55	10
45	#FFFFFF	#D3D3D3	-19.45	4	10
40	#FFFFFF	#D3D3D3	-18.95	4.5	10
40	#FFFFFF	#D3D3D3	-18.5	4.95	10
40	#FFFFFF	#D3D3D3	-18.05	4.5	10
40	#FFFFFF	#D3D3D3	-18.5	4.05	10
40	#FFFFFF	#D3D3D3	-18.95	4.5	10
89	#E67CA5	#484848	-22.45	0	7
89	#E67CA5	#484848	-22	0.45	7
89	#E67CA5	#484848	-21.55	0	7
89	#E67CA5	#484848	-22	-0.45	7
89	#E67CA5	#484848	-22.45	0	7
81	#E67CA5	#484848	-21.95	0.5	7
81	#E67CA5	#484848	-21.5	0.95	7
81	#E67CA5	#484848	-21.05	0.5	7
81	#E67CA5	#484848	-21.5	0.05	7
81	#E67CA5	#484848	-21.95	0.5	7
74	#F4B3C9	#7E7E7E	-21.45	1	35
74	#F4B3C9	#7E7E7E	-21	1.45	35
74	#F4B3C9	#7E7E7E	-20.55	1	35
74	#F4B3C9	#7E7E7E	-21	0.55	35
74	#F4B3C9	#7E7E7E	-21.45	1	35
67	#F4B3C9	#7E7E7E	-20.95	1.5	35
67	#F4B3C9	#7E7E7E	-20.5	1.95	35
67	#F4B3C9	#7E7E7E	-20.05	1.5	35
67	#F4B3C9	#7E7E7E	-20.5	1.05	35
67	#F4B3C9	#7E7E7E	-20.95	1.5	35
61	#FFFFFF	#D3D3D3	-20.45	2	24
61	#FFFFFF	#D3D3D3	-20	2.45	24
61	#FFFFFF	#D3D3D3	-19.55	2	24
61	#FFFFFF	#D3D3D3	-20	1.55	24
61	#FFFFFF	#D3D3D3	-20.45	2	24
49	#FFFFFF	#D3D3D3	-19.95	2.5	10
49	#FFFFFF	#D3D3D3	-19.5	2.95	10
49	#FFFFFF	#D3D3D3	-19.05	2.5	10
49	#FFFFFF	#D3D3D3	-19.5	2.05	10
49	#FFFFFF	#D3D3D3	-19.95	2.5	10
44	#FFFFFF	#D3D3D3	-19.45	3	10
44	#FFFFFF	#D3D3D3	-19	3.45	10
44	#FFFFFF	#D3D3D3	-18.55	3	10
44	#FFFFFF	#D3D3D3	-19	2.55	10
44	#FFFFFF	#D3D3D3	-19.45	3	10
39	#FFFFFF	#D3D3D3	-18.95	3.5	10
39	#FFFFFF	#D3D3D3	-18.5	3.95	10
39	#FFFFFF	#D3D3D3	-18.05	3.5	10
39	#FFFFFF	#D3D3D3	-18.5	3.05	10
39	#FFFFFF	#D3D3D3	-18.95	3.5	10
35	#FFFFFF	#D3D3D3	-18.45	4	10
35	#FFFFFF	#D3D3D3	-18	4.45	10
35	#FFFFFF	#D3D3D3	-17.55	4	10
35	#FFFFFF	#D3D3D3	-18	3.55	10
35	#FFFFFF	#D3D3D3	-18.45	4	10
73	#E67CA5	#484848	-21.45	0	7
73	#E67CA5	#484848	-21	0.45	7
73	#E67CA5	#484848	-20.55	0	7
73	#E67CA5	#484848	-21	-0.45	7
73	#E67CA5	#484848	-21.45	0	7
66	#E67CA5	#484848	-20.95	0.5	7
66	#E67CA5	#484848	-20.5	0.95	7
66	#E67CA5	#484848	-20.05	0.5	7
66	#E67CA5	#484848	-20.5	0.05	7
66	#E67CA5	#484848	-20.95	0.5	7
60	#F4B3C9	#7E7E7E	-20.45	1	35
60	#F4B3C9	#7E7E7E	-20	1.45	35
60	#F4B3C9	#7E7E7E	-19.55	1	35
60	#F4B3C9	#7E7E7E	-20	0.55	35
60	#F4B3C9	#7E7E7E	-20.45	1	35
48	#FFFFFF	#D3D3D3	-19.95	1.5	24
48	#FFFFFF	#D3D3D3	-19.5	1.95	24
48	#FFFFFF	#D3D3D3	-19.05	1.5	24
48	#FFFFFF	#D3D3D3	-19.5	1.05	24
48	#FFFFFF	#D3D3D3	-19.95	1.5	24
43	#FFFFFF	#D3D3D3	-19.45	2	10
43	#FFFFFF	#D3D3D3	-19	2.45	10
43	#FFFFFF	#D3D3D3	-18.55	2	10
43	#FFFFFF	#D3D3D3	-19	1.55	10
43	#FFFFFF	#D3D3D3	-19.45	2	10
38	#FFFFFF	#D3D3D3	-18.95	2.5	10
38	#FFFFFF	#D3D3D3	-18.5	2.95	10
38	#FFFFFF	#D3D3D3	-18.05	2.5	10
38	#FFFFFF	#D3D3D3	-18.5	2.05	10
38	#FFFFFF	#D3D3D3	-18.95	2.5	10
34	#FFFFFF	#D3D3D3	-18.45	3	10
34	#FFFFFF	#D3D3D3	-18	3.45	10
34	#FFFFFF	#D3D3D3	-17.55	3	10
34	#FFFFFF	#D3D3D3	-18	2.55	10
34	#FFFFFF	#D3D3D3	-18.45	3	10
30	#FFFFFF	#D3D3D3	-17.95	3.5	10
30	#FFFFFF	#D3D3D3	-17.5	3.95	10
30	#FFFFFF	#D3D3D3	-17.05	3.5	10
30	#FFFFFF	#D3D3D3	-17.5	3.05	10
30	#FFFFFF	#D3D3D3	-17.95	3.5	10
59	#E67CA5	#484848	-20.45	0	7
59	#E67CA5	#484848	-20	0.45	7
59	#E67CA5	#484848	-19.55	0	7
59	#E67CA5	#484848	-20	-0.45	7
59	#E67CA5	#484848	-20.45	0	7
47	#F4B3C9	#7E7E7E	-19.95	0.5	35
47	#F4B3C9	#7E7E7E	-19.5	0.95	35
47	#F4B3C9	#7E7E7E	-19.05	0.5	35
47	#F4B3C9	#7E7E7E	-19.5	0.05	35
47	#F4B3C9	#7E7E7E	-19.95	0.5	35
42	#FFFFFF	#D3D3D3	-19.45	1	24
42	#FFFFFF	#D3D3D3	-19	1.45	24
42	#FFFFFF	#D3D3D3	-18.55	1	24
42	#FFFFFF	#D3D3D3	-19	0.55	24
42	#FFFFFF	#D3D3D3	-19.45	1	24
37	#FFFFFF	#D3D3D3	-18.95	1.5	10
37	#FFFFFF	#D3D3D3	-18.5	1.95	10
37	#FFFFFF	#D3D3D3	-18.05	1.5	10
37	#FFFFFF	#D3D3D3	-18.5	1.05	10
37	#FFFFFF	#D3D3D3	-18.95	1.5	10
33	#FFFFFF	#D3D3D3	-18.45	2	10
33	#FFFFFF	#D3D3D3	-18	2.45	10
33	#FFFFFF	#D3D3D3	-17.55	2	10
33	#FFFFFF	#D3D3D3	-18	1.55	10
33	#FFFFFF	#D3D3D3	-18.45	2	10
29	#FFFFFF	#D3D3D3	-17.95	2.5	10
29	#FFFFFF	#D3D3D3	-17.5	2.95	10
29	#FFFFFF	#D3D3D3	-17.05	2.5	10
29	#FFFFFF	#D3D3D3	-17.5	2.05	10
29	#FFFFFF	#D3D3D3	-17.95	2.5	10
26	#FFFFFF	#D3D3D3	-17.45	3	10
26	#FFFFFF	#D3D3D3	-17	3.45	10
26	#FFFFFF	#D3D3D3	-16.55	3	10
26	#FFFFFF	#D3D3D3	-17	2.55	10
26	#FFFFFF	#D3D3D3	-17.45	3	10
41	#FFFFFF	#D3D3D3	-19.45	0	3
41	#FFFFFF	#D3D3D3	-19	0.45	3
41	#FFFFFF	#D3D3D3	-18.55	0	3
41	#FFFFFF	#D3D3D3	-19	-0.45	3
41	#FFFFFF	#D3D3D3	-19.45	0	3
36	#FFFFFF	#D3D3D3	-18.95	0.5	3
36	#FFFFFF	#D3D3D3	-18.5	0.95	3
36	#FFFFFF	#D3D3D3	-18.05	0.5	3
36	#FFFFFF	#D3D3D3	-18.5	0.05	3
36	#FFFFFF	#D3D3D3	-18.95	0.5	3
32	#FFFFFF	#D3D3D3	-18.45	1	31
32	#FFFFFF	#D3D3D3	-18	1.45	31
32	#FFFFFF	#D3D3D3	-17.55	1	31
32	#FFFFFF	#D3D3D3	-18	0.55	31
32	#FFFFFF	#D3D3D3	-18.45	1	31
28	#FFFFFF	#D3D3D3	-17.95	1.5	31
28	#FFFFFF	#D3D3D3	-17.5	1.95	31
28	#FFFFFF	#D3D3D3	-17.05	1.5	31
28	#FFFFFF	#D3D3D3	-17.5	1.05	31
28	#FFFFFF	#D3D3D3	-17.95	1.5	31
25	#FFFFFF	#D3D3D3	-17.45	2	31
25	#FFFFFF	#D3D3D3	-17	2.45	31
25	#FFFFFF	#D3D3D3	-16.55	2	31
25	#FFFFFF	#D3D3D3	-17	1.55	31
25	#FFFFFF	#D3D3D3	-17.45	2	31
22	#FFFFFF	#D3D3D3	-16.95	2.5	10
22	#FFFFFF	#D3D3D3	-16.5	2.95	10
22	#FFFFFF	#D3D3D3	-16.05	2.5	10
22	#FFFFFF	#D3D3D3	-16.5	2.05	10
22	#FFFFFF	#D3D3D3	-16.95	2.5	10
31	#FFFFFF	#D3D3D3	-18.45	0	3
31	#FFFFFF	#D3D3D3	-18	0.45	3
31	#FFFFFF	#D3D3D3	-17.55	0	3
31	#FFFFFF	#D3D3D3	-18	-0.45	3
31	#FFFFFF	#D3D3D3	-18.45	0	3
27	#FFFFFF	#D3D3D3	-17.95	0.5	3
27	#FFFFFF	#D3D3D3	-17.5	0.95	3
27	#FFFFFF	#D3D3D3	-17.05	0.5	3
27	#FFFFFF	#D3D3D3	-17.5	0.05	3
27	#FFFFFF	#D3D3D3	-17.95	0.5	3
24	#FFFFFF	#D3D3D3	-17.45	1	3
24	#FFFFFF	#D3D3D3	-17	1.45	3
24	#FFFFFF	#D3D3D3	-16.55	1	3
24	#FFFFFF	#D3D3D3	-17	0.55	3
24	#FFFFFF	#D3D3D3	-17.45	1	3
21	#FFFFFF	#D3D3D3	-16.95	1.5	31
21	#FFFFFF	#D3D3D3	-16.5	1.95	31
21	#FFFFFF	#D3D3D3	-16.05	1.5	31
21	#FFFFFF	#D3D3D3	-16.5	1.05	31
21	#FFFFFF	#D3D3D3	-16.95	1.5	31
19	#FFFFFF	#D3D3D3	-16.45	2	10
19	#FFFFFF	#D3D3D3	-16	2.45	10
19	#FFFFFF	#D3D3D3	-15.55	2	10
19	#FFFFFF	#D3D3D3	-16	1.55	10
19	#FFFFFF	#D3D3D3	-16.45	2	10
23	#FFFFFF	#D3D3D3	-17.45	0	3
23	#FFFFFF	#D3D3D3	-17	0.45	3
23	#FFFFFF	#D3D3D3	-16.55	0	3
23	#FFFFFF	#D3D3D3	-17	-0.45	3
23	#FFFFFF	#D3D3D3	-17.45	0	3
20	#FFFFFF	#D3D3D3	-16.95	0.5	3
20	#FFFFFF	#D3D3D3	-16.5	0.95	3
20	#FFFFFF	#D3D3D3	-16.05	0.5	3
20	#FFFFFF	#D3D3D3	-16.5	0.05	3
20	#FFFFFF	#D3D3D3	-16.95	0.5	3
18	#FFFFFF	#D3D3D3	-16.45	1	31
18	#FFFFFF	#D3D3D3	-16	1.45	31
18	#FFFFFF	#D3D3D3	-15.55	1	31
18	#FFFFFF	#D3D3D3	-16	0.55	31
18	#FFFFFF	#D3D3D3	-16.45	1	31
16	#FFFFFF	#D3D3D3	-15.95	1.5	10
16	#FFFFFF	#D3D3D3	-15.5	1.95	10
16	#FFFFFF	#D3D3D3	-15.05	1.5	10
16	#FFFFFF	#D3D3D3	-15.5	1.05	10
16	#FFFFFF	#D3D3D3	-15.95	1.5	10
17	#FFFFFF	#D3D3D3	-16.45	0	3
17	#FFFFFF	#D3D3D3	-16	0.45	3
17	#FFFFFF	#D3D3D3	-15.55	0	3
17	#FFFFFF	#D3D3D3	-16	-0.45	3
17	#FFFFFF	#D3D3D3	-16.45	0	3
15	#FFFFFF	#D3D3D3	-15.95	0.5	3
15	#FFFFFF	#D3D3D3	-15.5	0.95	3
15	#FFFFFF	#D3D3D3	-15.05	0.5	3
15	#FFFFFF	#D3D3D3	-15.5	0.05	3
15	#FFFFFF	#D3D3D3	-15.95	0.5	3
14	#FFFFFF	#D3D3D3	-15.45	1	3
14	#FFFFFF	#D3D3D3	-15	1.45	3
14	#FFFFFF	#D3D3D3	-14.55	1	3
14	#FFFFFF	#D3D3D3	-15	0.55	3
14	#FFFFFF	#D3D3D3	-15.45	1	3
13	#FFFFFF	#D3D3D3	-15.45	0	3
13	#FFFFFF	#D3D3D3	-15	0.45	3
13	#FFFFFF	#D3D3D3	-14.55	0	3
13	#FFFFFF	#D3D3D3	-15	-0.45	3
13	#FFFFFF	#D3D3D3	-15.45	0	3
12	#FFFFFF	#D3D3D3	-14.95	0.5	3
12	#FFFFFF	#D3D3D3	-14.5	0.95	3
12	#FFFFFF	#D3D3D3	-14.05	0.5	3
12	#FFFFFF	#D3D3D3	-14.5	0.05	3
12	#FFFFFF	#D3D3D3	-14.95	0.5	3
11	#FFFFFF	#D3D3D3	-14.45	0	3
11	#FFFFFF	#D3D3D3	-14	0.45	3
11	#FFFFFF	#D3D3D3	-13.55	0	3
11	#FFFFFF	#D3D3D3	-14	-0.45	3
11	#FFFFFF	#D3D3D3	-14.45	0	3
